episode_id,timestep,candidate_core,task_id,task_power,task_duration,split,workload_type
5,0,0,5000000,1.3186337296986452,51,calibration,id
5,0,1,5000000,1.3186337296986452,51,calibration,id
5,0,2,5000000,1.3186337296986452,51,calibration,id
5,0,3,5000000,1.3186337296986452,51,calibration,id
5,0,4,5000000,1.3186337296986452,51,calibration,id
5,0,5,5000000,1.3186337296986452,51,calibration,id
5,0,6,5000000,1.3186337296986452,51,calibration,id
5,0,7,5000000,1.3186337296986452,51,calibration,id
5,0,8,5000000,1.3186337296986452,51,calibration,id
5,0,9,5000000,1.3186337296986452,51,calibration,id
5,0,10,5000000,1.3186337296986452,51,calibration,id
5,0,11,5000000,1.3186337296986452,51,calibration,id
5,0,12,5000000,1.3186337296986452,51,calibration,id
5,0,13,5000000,1.3186337296986452,51,calibration,id
5,0,14,5000000,1.3186337296986452,51,calibration,id
5,0,15,5000000,1.3186337296986452,51,calibration,id
5,3,0,5000001,1.8673252887361156,56,calibration,id
5,3,1,5000001,1.8673252887361156,56,calibration,id
5,3,2,5000001,1.8673252887361156,56,calibration,id
5,3,3,5000001,1.8673252887361156,56,calibration,id
5,3,4,5000001,1.8673252887361156,56,calibration,id
5,3,5,5000001,1.8673252887361156,56,calibration,id
5,3,6,5000001,1.8673252887361156,56,calibration,id
5,3,7,5000001,1.8673252887361156,56,calibration,id
5,3,8,5000001,1.8673252887361156,56,calibration,id
5,3,9,5000001,1.8673252887361156,56,calibration,id
5,3,10,5000001,1.8673252887361156,56,calibration,id
5,3,11,5000001,1.8673252887361156,56,calibration,id
5,3,12,5000001,1.8673252887361156,56,calibration,id
5,3,13,5000001,1.8673252887361156,56,calibration,id
5,3,14,5000001,1.8673252887361156,56,calibration,id
5,3,15,5000001,1.8673252887361156,56,calibration,id
5,6,0,5000002,0.5235165651805802,14,calibration,id
5,6,1,5000002,0.5235165651805802,14,calibration,id
5,6,2,5000002,0.5235165651805802,14,calibration,id
5,6,3,5000002,0.5235165651805802,14,calibration,id
5,6,4,5000002,0.5235165651805802,14,calibration,id
5,6,5,5000002,0.5235165651805802,14,calibration,id
5,6,6,5000002,0.5235165651805802,14,calibration,id
5,6,7,5000002,0.5235165651805802,14,calibration,id
5,6,8,5000002,0.5235165651805802,14,calibration,id
5,6,9,5000002,0.5235165651805802,14,calibration,id
5,6,10,5000002,0.5235165651805802,14,calibration,id
5,6,11,5000002,0.5235165651805802,14,calibration,id
5,6,12,5000002,0.5235165651805802,14,calibration,id
5,6,13,5000002,0.5235165651805802,14,calibration,id
5,6,14,5000002,0.5235165651805802,14,calibration,id
5,6,15,5000002,0.5235165651805802,14,calibration,id
5,7,0,5000003,1.5011241755356015,42,calibration,id
5,7,1,5000003,1.5011241755356015,42,calibration,id
5,7,2,5000003,1.5011241755356015,42,calibration,id
5,7,3,5000003,1.5011241755356015,42,calibration,id
5,7,4,5000003,1.5011241755356015,42,calibration,id
5,7,5,5000003,1.5011241755356015,42,calibration,id
5,7,6,5000003,1.5011241755356015,42,calibration,id
5,7,7,5000003,1.5011241755356015,42,calibration,id
5,7,8,5000003,1.5011241755356015,42,calibration,id
5,7,9,5000003,1.5011241755356015,42,calibration,id
5,7,10,5000003,1.5011241755356015,42,calibration,id
5,7,11,5000003,1.5011241755356015,42,calibration,id
5,7,12,5000003,1.5011241755356015,42,calibration,id
5,7,13,5000003,1.5011241755356015,42,calibration,id
5,7,14,5000003,1.5011241755356015,42,calibration,id
5,7,15,5000003,1.5011241755356015,42,calibration,id
5,7,0,5000004,0.6740085653494399,23,calibration,id
5,7,1,5000004,0.6740085653494399,23,calibration,id
5,7,2,5000004,0.6740085653494399,23,calibration,id
5,7,3,5000004,0.6740085653494399,23,calibration,id
5,7,4,5000004,0.6740085653494399,23,calibration,id
5,7,5,5000004,0.6740085653494399,23,calibration,id
5,7,6,5000004,0.6740085653494399,23,calibration,id
5,7,7,5000004,0.6740085653494399,23,calibration,id
5,7,8,5000004,0.6740085653494399,23,calibration,id
5,7,9,5000004,0.6740085653494399,23,calibration,id
5,7,10,5000004,0.6740085653494399,23,calibration,id
5,7,11,5000004,0.6740085653494399,23,calibration,id
5,7,12,5000004,0.6740085653494399,23,calibration,id
5,7,13,5000004,0.6740085653494399,23,calibration,id
5,7,14,5000004,0.6740085653494399,23,calibration,id
5,7,15,5000004,0.6740085653494399,23,calibration,id
5,10,0,5000005,1.3293939462012663,46,calibration,id
5,10,1,5000005,1.3293939462012663,46,calibration,id
5,10,2,5000005,1.3293939462012663,46,calibration,id
5,10,3,5000005,1.3293939462012663,46,calibration,id
5,10,4,5000005,1.3293939462012663,46,calibration,id
5,10,5,5000005,1.3293939462012663,46,calibration,id
5,10,6,5000005,1.3293939462012663,46,calibration,id
5,10,7,5000005,1.3293939462012663,46,calibration,id
5,10,8,5000005,1.3293939462012663,46,calibration,id
5,10,9,5000005,1.3293939462012663,46,calibration,id
5,10,10,5000005,1.3293939462012663,46,calibration,id
5,10,11,5000005,1.3293939462012663,46,calibration,id
5,10,12,5000005,1.3293939462012663,46,calibration,id
5,10,13,5000005,1.3293939462012663,46,calibration,id
5,10,14,5000005,1.3293939462012663,46,calibration,id
5,10,15,5000005,1.3293939462012663,46,calibration,id
5,11,0,5000006,1.9255623704468032,39,calibration,id
5,11,1,5000006,1.9255623704468032,39,calibration,id
5,11,2,5000006,1.9255623704468032,39,calibration,id
5,11,3,5000006,1.9255623704468032,39,calibration,id
5,11,4,5000006,1.9255623704468032,39,calibration,id
5,11,5,5000006,1.9255623704468032,39,calibration,id
5,11,6,5000006,1.9255623704468032,39,calibration,id
5,11,7,5000006,1.9255623704468032,39,calibration,id
5,11,8,5000006,1.9255623704468032,39,calibration,id
5,11,9,5000006,1.9255623704468032,39,calibration,id
5,11,10,5000006,1.9255623704468032,39,calibration,id
5,11,11,5000006,1.9255623704468032,39,calibration,id
5,11,12,5000006,1.9255623704468032,39,calibration,id
5,11,13,5000006,1.9255623704468032,39,calibration,id
5,11,14,5000006,1.9255623704468032,39,calibration,id
5,11,15,5000006,1.9255623704468032,39,calibration,id
5,13,0,5000007,0.7403534287605298,14,calibration,id
5,13,1,5000007,0.7403534287605298,14,calibration,id
5,13,2,5000007,0.7403534287605298,14,calibration,id
5,13,3,5000007,0.7403534287605298,14,calibration,id
5,13,4,5000007,0.7403534287605298,14,calibration,id
5,13,5,5000007,0.7403534287605298,14,calibration,id
5,13,6,5000007,0.7403534287605298,14,calibration,id
5,13,7,5000007,0.7403534287605298,14,calibration,id
5,13,8,5000007,0.7403534287605298,14,calibration,id
5,13,9,5000007,0.7403534287605298,14,calibration,id
5,13,10,5000007,0.7403534287605298,14,calibration,id
5,13,11,5000007,0.7403534287605298,14,calibration,id
5,13,12,5000007,0.7403534287605298,14,calibration,id
5,13,13,5000007,0.7403534287605298,14,calibration,id
5,13,14,5000007,0.7403534287605298,14,calibration,id
5,13,15,5000007,0.7403534287605298,14,calibration,id
5,15,0,5000008,0.9682850561773956,32,calibration,id
5,15,1,5000008,0.9682850561773956,32,calibration,id
5,15,2,5000008,0.9682850561773956,32,calibration,id
5,15,3,5000008,0.9682850561773956,32,calibration,id
5,15,4,5000008,0.9682850561773956,32,calibration,id
5,15,5,5000008,0.9682850561773956,32,calibration,id
5,15,6,5000008,0.9682850561773956,32,calibration,id
5,15,7,5000008,0.9682850561773956,32,calibration,id
5,15,8,5000008,0.9682850561773956,32,calibration,id
5,15,9,5000008,0.9682850561773956,32,calibration,id
5,15,10,5000008,0.9682850561773956,32,calibration,id
5,15,11,5000008,0.9682850561773956,32,calibration,id
5,15,12,5000008,0.9682850561773956,32,calibration,id
5,15,13,5000008,0.9682850561773956,32,calibration,id
5,15,14,5000008,0.9682850561773956,32,calibration,id
5,15,15,5000008,0.9682850561773956,32,calibration,id
5,17,0,5000009,1.2448618203850013,31,calibration,id
5,17,1,5000009,1.2448618203850013,31,calibration,id
5,17,2,5000009,1.2448618203850013,31,calibration,id
5,17,3,5000009,1.2448618203850013,31,calibration,id
5,17,4,5000009,1.2448618203850013,31,calibration,id
5,17,5,5000009,1.2448618203850013,31,calibration,id
5,17,6,5000009,1.2448618203850013,31,calibration,id
5,17,7,5000009,1.2448618203850013,31,calibration,id
5,17,8,5000009,1.2448618203850013,31,calibration,id
5,17,9,5000009,1.2448618203850013,31,calibration,id
5,17,10,5000009,1.2448618203850013,31,calibration,id
5,17,11,5000009,1.2448618203850013,31,calibration,id
5,17,12,5000009,1.2448618203850013,31,calibration,id
5,17,13,5000009,1.2448618203850013,31,calibration,id
5,17,14,5000009,1.2448618203850013,31,calibration,id
5,17,15,5000009,1.2448618203850013,31,calibration,id
5,17,0,5000010,1.8603551259157887,53,calibration,id
5,17,1,5000010,1.8603551259157887,53,calibration,id
5,17,2,5000010,1.8603551259157887,53,calibration,id
5,17,3,5000010,1.8603551259157887,53,calibration,id
5,17,4,5000010,1.8603551259157887,53,calibration,id
5,17,5,5000010,1.8603551259157887,53,calibration,id
5,17,6,5000010,1.8603551259157887,53,calibration,id
5,17,7,5000010,1.8603551259157887,53,calibration,id
5,17,8,5000010,1.8603551259157887,53,calibration,id
5,17,9,5000010,1.8603551259157887,53,calibration,id
5,17,10,5000010,1.8603551259157887,53,calibration,id
5,17,11,5000010,1.8603551259157887,53,calibration,id
5,17,12,5000010,1.8603551259157887,53,calibration,id
5,17,13,5000010,1.8603551259157887,53,calibration,id
5,17,14,5000010,1.8603551259157887,53,calibration,id
5,17,15,5000010,1.8603551259157887,53,calibration,id
5,18,0,5000011,0.9209480385089363,23,calibration,id
5,18,1,5000011,0.9209480385089363,23,calibration,id
5,18,2,5000011,0.9209480385089363,23,calibration,id
5,18,3,5000011,0.9209480385089363,23,calibration,id
5,18,4,5000011,0.9209480385089363,23,calibration,id
5,18,5,5000011,0.9209480385089363,23,calibration,id
5,18,6,5000011,0.9209480385089363,23,calibration,id
5,18,7,5000011,0.9209480385089363,23,calibration,id
5,18,8,5000011,0.9209480385089363,23,calibration,id
5,18,9,5000011,0.9209480385089363,23,calibration,id
5,18,10,5000011,0.9209480385089363,23,calibration,id
5,18,11,5000011,0.9209480385089363,23,calibration,id
5,18,12,5000011,0.9209480385089363,23,calibration,id
5,18,13,5000011,0.9209480385089363,23,calibration,id
5,18,14,5000011,0.9209480385089363,23,calibration,id
5,18,15,5000011,0.9209480385089363,23,calibration,id
5,18,0,5000012,2.0590327256924366,39,calibration,id
5,18,1,5000012,2.0590327256924366,39,calibration,id
5,18,2,5000012,2.0590327256924366,39,calibration,id
5,18,3,5000012,2.0590327256924366,39,calibration,id
5,18,4,5000012,2.0590327256924366,39,calibration,id
5,18,5,5000012,2.0590327256924366,39,calibration,id
5,18,6,5000012,2.0590327256924366,39,calibration,id
5,18,7,5000012,2.0590327256924366,39,calibration,id
5,18,8,5000012,2.0590327256924366,39,calibration,id
5,18,9,5000012,2.0590327256924366,39,calibration,id
5,18,10,5000012,2.0590327256924366,39,calibration,id
5,18,11,5000012,2.0590327256924366,39,calibration,id
5,18,12,5000012,2.0590327256924366,39,calibration,id
5,18,13,5000012,2.0590327256924366,39,calibration,id
5,18,14,5000012,2.0590327256924366,39,calibration,id
5,18,15,5000012,2.0590327256924366,39,calibration,id
5,20,0,5000013,1.0340899682005908,26,calibration,id
5,20,1,5000013,1.0340899682005908,26,calibration,id
5,20,2,5000013,1.0340899682005908,26,calibration,id
5,20,3,5000013,1.0340899682005908,26,calibration,id
5,20,4,5000013,1.0340899682005908,26,calibration,id
5,20,5,5000013,1.0340899682005908,26,calibration,id
5,20,6,5000013,1.0340899682005908,26,calibration,id
5,20,7,5000013,1.0340899682005908,26,calibration,id
5,20,8,5000013,1.0340899682005908,26,calibration,id
5,20,9,5000013,1.0340899682005908,26,calibration,id
5,20,10,5000013,1.0340899682005908,26,calibration,id
5,20,11,5000013,1.0340899682005908,26,calibration,id
5,20,12,5000013,1.0340899682005908,26,calibration,id
5,20,13,5000013,1.0340899682005908,26,calibration,id
5,20,14,5000013,1.0340899682005908,26,calibration,id
5,20,15,5000013,1.0340899682005908,26,calibration,id
5,20,0,5000014,0.686314685686714,14,calibration,id
5,20,1,5000014,0.686314685686714,14,calibration,id
5,20,2,5000014,0.686314685686714,14,calibration,id
5,20,3,5000014,0.686314685686714,14,calibration,id
5,20,4,5000014,0.686314685686714,14,calibration,id
5,20,5,5000014,0.686314685686714,14,calibration,id
5,20,6,5000014,0.686314685686714,14,calibration,id
5,20,7,5000014,0.686314685686714,14,calibration,id
5,20,8,5000014,0.686314685686714,14,calibration,id
5,20,9,5000014,0.686314685686714,14,calibration,id
5,20,10,5000014,0.686314685686714,14,calibration,id
5,20,11,5000014,0.686314685686714,14,calibration,id
5,20,12,5000014,0.686314685686714,14,calibration,id
5,20,13,5000014,0.686314685686714,14,calibration,id
5,20,14,5000014,0.686314685686714,14,calibration,id
5,20,15,5000014,0.686314685686714,14,calibration,id
5,23,0,5000015,1.9522570277594686,55,calibration,id
5,23,1,5000015,1.9522570277594686,55,calibration,id
5,23,2,5000015,1.9522570277594686,55,calibration,id
5,23,3,5000015,1.9522570277594686,55,calibration,id
5,23,4,5000015,1.9522570277594686,55,calibration,id
5,23,5,5000015,1.9522570277594686,55,calibration,id
5,23,6,5000015,1.9522570277594686,55,calibration,id
5,23,7,5000015,1.9522570277594686,55,calibration,id
5,23,8,5000015,1.9522570277594686,55,calibration,id
5,23,9,5000015,1.9522570277594686,55,calibration,id
5,23,10,5000015,1.9522570277594686,55,calibration,id
5,23,11,5000015,1.9522570277594686,55,calibration,id
5,23,12,5000015,1.9522570277594686,55,calibration,id
5,23,13,5000015,1.9522570277594686,55,calibration,id
5,23,14,5000015,1.9522570277594686,55,calibration,id
5,23,15,5000015,1.9522570277594686,55,calibration,id
5,24,0,5000016,1.6997353891845253,32,calibration,id
5,24,1,5000016,1.6997353891845253,32,calibration,id
5,24,2,5000016,1.6997353891845253,32,calibration,id
5,24,3,5000016,1.6997353891845253,32,calibration,id
5,24,4,5000016,1.6997353891845253,32,calibration,id
5,24,5,5000016,1.6997353891845253,32,calibration,id
5,24,6,5000016,1.6997353891845253,32,calibration,id
5,24,7,5000016,1.6997353891845253,32,calibration,id
5,24,8,5000016,1.6997353891845253,32,calibration,id
5,24,9,5000016,1.6997353891845253,32,calibration,id
5,24,10,5000016,1.6997353891845253,32,calibration,id
5,24,11,5000016,1.6997353891845253,32,calibration,id
5,24,12,5000016,1.6997353891845253,32,calibration,id
5,24,13,5000016,1.6997353891845253,32,calibration,id
5,24,14,5000016,1.6997353891845253,32,calibration,id
5,24,15,5000016,1.6997353891845253,32,calibration,id
5,24,0,5000017,2.3523906647737056,89,calibration,id
5,24,1,5000017,2.3523906647737056,89,calibration,id
5,24,2,5000017,2.3523906647737056,89,calibration,id
5,24,3,5000017,2.3523906647737056,89,calibration,id
5,24,4,5000017,2.3523906647737056,89,calibration,id
5,24,5,5000017,2.3523906647737056,89,calibration,id
5,24,6,5000017,2.3523906647737056,89,calibration,id
5,24,7,5000017,2.3523906647737056,89,calibration,id
5,24,8,5000017,2.3523906647737056,89,calibration,id
5,24,9,5000017,2.3523906647737056,89,calibration,id
5,24,10,5000017,2.3523906647737056,89,calibration,id
5,24,11,5000017,2.3523906647737056,89,calibration,id
5,24,12,5000017,2.3523906647737056,89,calibration,id
5,24,13,5000017,2.3523906647737056,89,calibration,id
5,24,14,5000017,2.3523906647737056,89,calibration,id
5,24,15,5000017,2.3523906647737056,89,calibration,id
5,27,0,5000018,0.5441973501349141,16,calibration,id
5,27,1,5000018,0.5441973501349141,16,calibration,id
5,27,2,5000018,0.5441973501349141,16,calibration,id
5,27,3,5000018,0.5441973501349141,16,calibration,id
5,27,4,5000018,0.5441973501349141,16,calibration,id
5,27,5,5000018,0.5441973501349141,16,calibration,id
5,27,6,5000018,0.5441973501349141,16,calibration,id
5,27,7,5000018,0.5441973501349141,16,calibration,id
5,27,8,5000018,0.5441973501349141,16,calibration,id
5,27,9,5000018,0.5441973501349141,16,calibration,id
5,27,10,5000018,0.5441973501349141,16,calibration,id
5,27,11,5000018,0.5441973501349141,16,calibration,id
5,27,12,5000018,0.5441973501349141,16,calibration,id
5,27,13,5000018,0.5441973501349141,16,calibration,id
5,27,14,5000018,0.5441973501349141,16,calibration,id
5,27,15,5000018,0.5441973501349141,16,calibration,id
5,28,0,5000019,2.3852525815300716,33,calibration,id
5,28,1,5000019,2.3852525815300716,33,calibration,id
5,28,2,5000019,2.3852525815300716,33,calibration,id
5,28,3,5000019,2.3852525815300716,33,calibration,id
5,28,4,5000019,2.3852525815300716,33,calibration,id
5,28,5,5000019,2.3852525815300716,33,calibration,id
5,28,6,5000019,2.3852525815300716,33,calibration,id
5,28,7,5000019,2.3852525815300716,33,calibration,id
5,28,8,5000019,2.3852525815300716,33,calibration,id
5,28,9,5000019,2.3852525815300716,33,calibration,id
5,28,10,5000019,2.3852525815300716,33,calibration,id
5,28,11,5000019,2.3852525815300716,33,calibration,id
5,28,12,5000019,2.3852525815300716,33,calibration,id
5,28,13,5000019,2.3852525815300716,33,calibration,id
5,28,14,5000019,2.3852525815300716,33,calibration,id
5,28,15,5000019,2.3852525815300716,33,calibration,id
5,29,0,5000020,1.2090861040967575,23,calibration,id
5,29,1,5000020,1.2090861040967575,23,calibration,id
5,29,2,5000020,1.2090861040967575,23,calibration,id
5,29,3,5000020,1.2090861040967575,23,calibration,id
5,29,4,5000020,1.2090861040967575,23,calibration,id
5,29,5,5000020,1.2090861040967575,23,calibration,id
5,29,6,5000020,1.2090861040967575,23,calibration,id
5,29,7,5000020,1.2090861040967575,23,calibration,id
5,29,8,5000020,1.2090861040967575,23,calibration,id
5,29,9,5000020,1.2090861040967575,23,calibration,id
5,29,10,5000020,1.2090861040967575,23,calibration,id
5,29,11,5000020,1.2090861040967575,23,calibration,id
5,29,12,5000020,1.2090861040967575,23,calibration,id
5,29,13,5000020,1.2090861040967575,23,calibration,id
5,29,14,5000020,1.2090861040967575,23,calibration,id
5,29,15,5000020,1.2090861040967575,23,calibration,id
5,40,0,5000021,2.279076330752051,55,calibration,id
5,40,1,5000021,2.279076330752051,55,calibration,id
5,40,2,5000021,2.279076330752051,55,calibration,id
5,40,3,5000021,2.279076330752051,55,calibration,id
5,40,4,5000021,2.279076330752051,55,calibration,id
5,40,5,5000021,2.279076330752051,55,calibration,id
5,40,6,5000021,2.279076330752051,55,calibration,id
5,40,7,5000021,2.279076330752051,55,calibration,id
5,40,8,5000021,2.279076330752051,55,calibration,id
5,40,9,5000021,2.279076330752051,55,calibration,id
5,40,10,5000021,2.279076330752051,55,calibration,id
5,40,11,5000021,2.279076330752051,55,calibration,id
5,40,12,5000021,2.279076330752051,55,calibration,id
5,40,13,5000021,2.279076330752051,55,calibration,id
5,40,14,5000021,2.279076330752051,55,calibration,id
5,40,15,5000021,2.279076330752051,55,calibration,id
5,43,0,5000022,0.6983877931613833,25,calibration,id
5,43,1,5000022,0.6983877931613833,25,calibration,id
5,43,2,5000022,0.6983877931613833,25,calibration,id
5,43,3,5000022,0.6983877931613833,25,calibration,id
5,43,4,5000022,0.6983877931613833,25,calibration,id
5,43,5,5000022,0.6983877931613833,25,calibration,id
5,43,6,5000022,0.6983877931613833,25,calibration,id
5,43,7,5000022,0.6983877931613833,25,calibration,id
5,43,8,5000022,0.6983877931613833,25,calibration,id
5,43,9,5000022,0.6983877931613833,25,calibration,id
5,43,10,5000022,0.6983877931613833,25,calibration,id
5,43,11,5000022,0.6983877931613833,25,calibration,id
5,43,12,5000022,0.6983877931613833,25,calibration,id
5,43,13,5000022,0.6983877931613833,25,calibration,id
5,43,14,5000022,0.6983877931613833,25,calibration,id
5,43,15,5000022,0.6983877931613833,25,calibration,id
5,44,0,5000023,0.7040732526512687,22,calibration,id
5,44,1,5000023,0.7040732526512687,22,calibration,id
5,44,2,5000023,0.7040732526512687,22,calibration,id
5,44,3,5000023,0.7040732526512687,22,calibration,id
5,44,4,5000023,0.7040732526512687,22,calibration,id
5,44,5,5000023,0.7040732526512687,22,calibration,id
5,44,6,5000023,0.7040732526512687,22,calibration,id
5,44,7,5000023,0.7040732526512687,22,calibration,id
5,44,8,5000023,0.7040732526512687,22,calibration,id
5,44,9,5000023,0.7040732526512687,22,calibration,id
5,44,10,5000023,0.7040732526512687,22,calibration,id
5,44,11,5000023,0.7040732526512687,22,calibration,id
5,44,12,5000023,0.7040732526512687,22,calibration,id
5,44,13,5000023,0.7040732526512687,22,calibration,id
5,44,14,5000023,0.7040732526512687,22,calibration,id
5,44,15,5000023,0.7040732526512687,22,calibration,id
5,45,0,5000024,0.82526265194737,12,calibration,id
5,45,1,5000024,0.82526265194737,12,calibration,id
5,45,2,5000024,0.82526265194737,12,calibration,id
5,45,3,5000024,0.82526265194737,12,calibration,id
5,45,4,5000024,0.82526265194737,12,calibration,id
5,45,5,5000024,0.82526265194737,12,calibration,id
5,45,6,5000024,0.82526265194737,12,calibration,id
5,45,7,5000024,0.82526265194737,12,calibration,id
5,45,8,5000024,0.82526265194737,12,calibration,id
5,45,9,5000024,0.82526265194737,12,calibration,id
5,45,10,5000024,0.82526265194737,12,calibration,id
5,45,11,5000024,0.82526265194737,12,calibration,id
5,45,12,5000024,0.82526265194737,12,calibration,id
5,45,13,5000024,0.82526265194737,12,calibration,id
5,45,14,5000024,0.82526265194737,12,calibration,id
5,45,15,5000024,0.82526265194737,12,calibration,id
5,46,0,5000025,0.8792314899297388,12,calibration,id
5,46,1,5000025,0.8792314899297388,12,calibration,id
5,46,2,5000025,0.8792314899297388,12,calibration,id
5,46,3,5000025,0.8792314899297388,12,calibration,id
5,46,4,5000025,0.8792314899297388,12,calibration,id
5,46,5,5000025,0.8792314899297388,12,calibration,id
5,46,6,5000025,0.8792314899297388,12,calibration,id
5,46,7,5000025,0.8792314899297388,12,calibration,id
5,46,8,5000025,0.8792314899297388,12,calibration,id
5,46,9,5000025,0.8792314899297388,12,calibration,id
5,46,10,5000025,0.8792314899297388,12,calibration,id
5,46,11,5000025,0.8792314899297388,12,calibration,id
5,46,12,5000025,0.8792314899297388,12,calibration,id
5,46,13,5000025,0.8792314899297388,12,calibration,id
5,46,14,5000025,0.8792314899297388,12,calibration,id
5,46,15,5000025,0.8792314899297388,12,calibration,id
5,49,0,5000026,1.47497146406785,45,calibration,id
5,49,1,5000026,1.47497146406785,45,calibration,id
5,49,2,5000026,1.47497146406785,45,calibration,id
5,49,3,5000026,1.47497146406785,45,calibration,id
5,49,4,5000026,1.47497146406785,45,calibration,id
5,49,5,5000026,1.47497146406785,45,calibration,id
5,49,6,5000026,1.47497146406785,45,calibration,id
5,49,7,5000026,1.47497146406785,45,calibration,id
5,49,8,5000026,1.47497146406785,45,calibration,id
5,49,9,5000026,1.47497146406785,45,calibration,id
5,49,10,5000026,1.47497146406785,45,calibration,id
5,49,11,5000026,1.47497146406785,45,calibration,id
5,49,12,5000026,1.47497146406785,45,calibration,id
5,49,13,5000026,1.47497146406785,45,calibration,id
5,49,14,5000026,1.47497146406785,45,calibration,id
5,49,15,5000026,1.47497146406785,45,calibration,id
5,49,0,5000027,1.8793236471061925,46,calibration,id
5,49,1,5000027,1.8793236471061925,46,calibration,id
5,49,2,5000027,1.8793236471061925,46,calibration,id
5,49,3,5000027,1.8793236471061925,46,calibration,id
5,49,4,5000027,1.8793236471061925,46,calibration,id
5,49,5,5000027,1.8793236471061925,46,calibration,id
5,49,6,5000027,1.8793236471061925,46,calibration,id
5,49,7,5000027,1.8793236471061925,46,calibration,id
5,49,8,5000027,1.8793236471061925,46,calibration,id
5,49,9,5000027,1.8793236471061925,46,calibration,id
5,49,10,5000027,1.8793236471061925,46,calibration,id
5,49,11,5000027,1.8793236471061925,46,calibration,id
5,49,12,5000027,1.8793236471061925,46,calibration,id
5,49,13,5000027,1.8793236471061925,46,calibration,id
5,49,14,5000027,1.8793236471061925,46,calibration,id
5,49,15,5000027,1.8793236471061925,46,calibration,id
5,49,0,5000028,2.190868570060607,66,calibration,id
5,49,1,5000028,2.190868570060607,66,calibration,id
5,49,2,5000028,2.190868570060607,66,calibration,id
5,49,3,5000028,2.190868570060607,66,calibration,id
5,49,4,5000028,2.190868570060607,66,calibration,id
5,49,5,5000028,2.190868570060607,66,calibration,id
5,49,6,5000028,2.190868570060607,66,calibration,id
5,49,7,5000028,2.190868570060607,66,calibration,id
5,49,8,5000028,2.190868570060607,66,calibration,id
5,49,9,5000028,2.190868570060607,66,calibration,id
5,49,10,5000028,2.190868570060607,66,calibration,id
5,49,11,5000028,2.190868570060607,66,calibration,id
5,49,12,5000028,2.190868570060607,66,calibration,id
5,49,13,5000028,2.190868570060607,66,calibration,id
5,49,14,5000028,2.190868570060607,66,calibration,id
5,49,15,5000028,2.190868570060607,66,calibration,id
5,50,0,5000029,1.4769513130568381,27,calibration,id
5,50,1,5000029,1.4769513130568381,27,calibration,id
5,50,2,5000029,1.4769513130568381,27,calibration,id
5,50,3,5000029,1.4769513130568381,27,calibration,id
5,50,4,5000029,1.4769513130568381,27,calibration,id
5,50,5,5000029,1.4769513130568381,27,calibration,id
5,50,6,5000029,1.4769513130568381,27,calibration,id
5,50,7,5000029,1.4769513130568381,27,calibration,id
5,50,8,5000029,1.4769513130568381,27,calibration,id
5,50,9,5000029,1.4769513130568381,27,calibration,id
5,50,10,5000029,1.4769513130568381,27,calibration,id
5,50,11,5000029,1.4769513130568381,27,calibration,id
5,50,12,5000029,1.4769513130568381,27,calibration,id
5,50,13,5000029,1.4769513130568381,27,calibration,id
5,50,14,5000029,1.4769513130568381,27,calibration,id
5,50,15,5000029,1.4769513130568381,27,calibration,id
5,50,0,5000030,1.2778524514087026,39,calibration,id
5,50,1,5000030,1.2778524514087026,39,calibration,id
5,50,2,5000030,1.2778524514087026,39,calibration,id
5,50,3,5000030,1.2778524514087026,39,calibration,id
5,50,4,5000030,1.2778524514087026,39,calibration,id
5,50,5,5000030,1.2778524514087026,39,calibration,id
5,50,6,5000030,1.2778524514087026,39,calibration,id
5,50,7,5000030,1.2778524514087026,39,calibration,id
5,50,8,5000030,1.2778524514087026,39,calibration,id
5,50,9,5000030,1.2778524514087026,39,calibration,id
5,50,10,5000030,1.2778524514087026,39,calibration,id
5,50,11,5000030,1.2778524514087026,39,calibration,id
5,50,12,5000030,1.2778524514087026,39,calibration,id
5,50,13,5000030,1.2778524514087026,39,calibration,id
5,50,14,5000030,1.2778524514087026,39,calibration,id
5,50,15,5000030,1.2778524514087026,39,calibration,id
5,51,0,5000031,2.778510336118201,41,calibration,id
5,51,1,5000031,2.778510336118201,41,calibration,id
5,51,2,5000031,2.778510336118201,41,calibration,id
5,51,3,5000031,2.778510336118201,41,calibration,id
5,51,4,5000031,2.778510336118201,41,calibration,id
5,51,5,5000031,2.778510336118201,41,calibration,id
5,51,6,5000031,2.778510336118201,41,calibration,id
5,51,7,5000031,2.778510336118201,41,calibration,id
5,51,8,5000031,2.778510336118201,41,calibration,id
5,51,9,5000031,2.778510336118201,41,calibration,id
5,51,10,5000031,2.778510336118201,41,calibration,id
5,51,11,5000031,2.778510336118201,41,calibration,id
5,51,12,5000031,2.778510336118201,41,calibration,id
5,51,13,5000031,2.778510336118201,41,calibration,id
5,51,14,5000031,2.778510336118201,41,calibration,id
5,51,15,5000031,2.778510336118201,41,calibration,id
5,51,0,5000032,3.1022782440624055,32,calibration,id
5,51,1,5000032,3.1022782440624055,32,calibration,id
5,51,2,5000032,3.1022782440624055,32,calibration,id
5,51,3,5000032,3.1022782440624055,32,calibration,id
5,51,4,5000032,3.1022782440624055,32,calibration,id
5,51,5,5000032,3.1022782440624055,32,calibration,id
5,51,6,5000032,3.1022782440624055,32,calibration,id
5,51,7,5000032,3.1022782440624055,32,calibration,id
5,51,8,5000032,3.1022782440624055,32,calibration,id
5,51,9,5000032,3.1022782440624055,32,calibration,id
5,51,10,5000032,3.1022782440624055,32,calibration,id
5,51,11,5000032,3.1022782440624055,32,calibration,id
5,51,12,5000032,3.1022782440624055,32,calibration,id
5,51,13,5000032,3.1022782440624055,32,calibration,id
5,51,14,5000032,3.1022782440624055,32,calibration,id
5,51,15,5000032,3.1022782440624055,32,calibration,id
5,51,0,5000033,0.5726148939742053,13,calibration,id
5,51,1,5000033,0.5726148939742053,13,calibration,id
5,51,2,5000033,0.5726148939742053,13,calibration,id
5,51,3,5000033,0.5726148939742053,13,calibration,id
5,51,4,5000033,0.5726148939742053,13,calibration,id
5,51,5,5000033,0.5726148939742053,13,calibration,id
5,51,6,5000033,0.5726148939742053,13,calibration,id
5,51,7,5000033,0.5726148939742053,13,calibration,id
5,51,8,5000033,0.5726148939742053,13,calibration,id
5,51,9,5000033,0.5726148939742053,13,calibration,id
5,51,10,5000033,0.5726148939742053,13,calibration,id
5,51,11,5000033,0.5726148939742053,13,calibration,id
5,51,12,5000033,0.5726148939742053,13,calibration,id
5,51,13,5000033,0.5726148939742053,13,calibration,id
5,51,14,5000033,0.5726148939742053,13,calibration,id
5,51,15,5000033,0.5726148939742053,13,calibration,id
5,52,0,5000034,0.7269628893657277,12,calibration,id
5,52,1,5000034,0.7269628893657277,12,calibration,id
5,52,2,5000034,0.7269628893657277,12,calibration,id
5,52,3,5000034,0.7269628893657277,12,calibration,id
5,52,4,5000034,0.7269628893657277,12,calibration,id
5,52,5,5000034,0.7269628893657277,12,calibration,id
5,52,6,5000034,0.7269628893657277,12,calibration,id
5,52,7,5000034,0.7269628893657277,12,calibration,id
5,52,8,5000034,0.7269628893657277,12,calibration,id
5,52,9,5000034,0.7269628893657277,12,calibration,id
5,52,10,5000034,0.7269628893657277,12,calibration,id
5,52,11,5000034,0.7269628893657277,12,calibration,id
5,52,12,5000034,0.7269628893657277,12,calibration,id
5,52,13,5000034,0.7269628893657277,12,calibration,id
5,52,14,5000034,0.7269628893657277,12,calibration,id
5,52,15,5000034,0.7269628893657277,12,calibration,id
5,54,0,5000035,3.1606804629502245,83,calibration,id
5,54,1,5000035,3.1606804629502245,83,calibration,id
5,54,2,5000035,3.1606804629502245,83,calibration,id
5,54,3,5000035,3.1606804629502245,83,calibration,id
5,54,4,5000035,3.1606804629502245,83,calibration,id
5,54,5,5000035,3.1606804629502245,83,calibration,id
5,54,6,5000035,3.1606804629502245,83,calibration,id
5,54,7,5000035,3.1606804629502245,83,calibration,id
5,54,8,5000035,3.1606804629502245,83,calibration,id
5,54,9,5000035,3.1606804629502245,83,calibration,id
5,54,10,5000035,3.1606804629502245,83,calibration,id
5,54,11,5000035,3.1606804629502245,83,calibration,id
5,54,12,5000035,3.1606804629502245,83,calibration,id
5,54,13,5000035,3.1606804629502245,83,calibration,id
5,54,14,5000035,3.1606804629502245,83,calibration,id
5,54,15,5000035,3.1606804629502245,83,calibration,id
5,58,0,5000036,0.9878714212125039,26,calibration,id
5,58,1,5000036,0.9878714212125039,26,calibration,id
5,58,2,5000036,0.9878714212125039,26,calibration,id
5,58,3,5000036,0.9878714212125039,26,calibration,id
5,58,4,5000036,0.9878714212125039,26,calibration,id
5,58,5,5000036,0.9878714212125039,26,calibration,id
5,58,6,5000036,0.9878714212125039,26,calibration,id
5,58,7,5000036,0.9878714212125039,26,calibration,id
5,58,8,5000036,0.9878714212125039,26,calibration,id
5,58,9,5000036,0.9878714212125039,26,calibration,id
5,58,10,5000036,0.9878714212125039,26,calibration,id
5,58,11,5000036,0.9878714212125039,26,calibration,id
5,58,12,5000036,0.9878714212125039,26,calibration,id
5,58,13,5000036,0.9878714212125039,26,calibration,id
5,58,14,5000036,0.9878714212125039,26,calibration,id
5,58,15,5000036,0.9878714212125039,26,calibration,id
5,59,0,5000037,1.7977593574818032,23,calibration,id
5,59,1,5000037,1.7977593574818032,23,calibration,id
5,59,2,5000037,1.7977593574818032,23,calibration,id
5,59,3,5000037,1.7977593574818032,23,calibration,id
5,59,4,5000037,1.7977593574818032,23,calibration,id
5,59,5,5000037,1.7977593574818032,23,calibration,id
5,59,6,5000037,1.7977593574818032,23,calibration,id
5,59,7,5000037,1.7977593574818032,23,calibration,id
5,59,8,5000037,1.7977593574818032,23,calibration,id
5,59,9,5000037,1.7977593574818032,23,calibration,id
5,59,10,5000037,1.7977593574818032,23,calibration,id
5,59,11,5000037,1.7977593574818032,23,calibration,id
5,59,12,5000037,1.7977593574818032,23,calibration,id
5,59,13,5000037,1.7977593574818032,23,calibration,id
5,59,14,5000037,1.7977593574818032,23,calibration,id
5,59,15,5000037,1.7977593574818032,23,calibration,id
5,59,0,5000038,1.6242264699412508,30,calibration,id
5,59,1,5000038,1.6242264699412508,30,calibration,id
5,59,2,5000038,1.6242264699412508,30,calibration,id
5,59,3,5000038,1.6242264699412508,30,calibration,id
5,59,4,5000038,1.6242264699412508,30,calibration,id
5,59,5,5000038,1.6242264699412508,30,calibration,id
5,59,6,5000038,1.6242264699412508,30,calibration,id
5,59,7,5000038,1.6242264699412508,30,calibration,id
5,59,8,5000038,1.6242264699412508,30,calibration,id
5,59,9,5000038,1.6242264699412508,30,calibration,id
5,59,10,5000038,1.6242264699412508,30,calibration,id
5,59,11,5000038,1.6242264699412508,30,calibration,id
5,59,12,5000038,1.6242264699412508,30,calibration,id
5,59,13,5000038,1.6242264699412508,30,calibration,id
5,59,14,5000038,1.6242264699412508,30,calibration,id
5,59,15,5000038,1.6242264699412508,30,calibration,id
5,61,0,5000039,0.9855722940896879,16,calibration,id
5,61,1,5000039,0.9855722940896879,16,calibration,id
5,61,2,5000039,0.9855722940896879,16,calibration,id
5,61,3,5000039,0.9855722940896879,16,calibration,id
5,61,4,5000039,0.9855722940896879,16,calibration,id
5,61,5,5000039,0.9855722940896879,16,calibration,id
5,61,6,5000039,0.9855722940896879,16,calibration,id
5,61,7,5000039,0.9855722940896879,16,calibration,id
5,61,8,5000039,0.9855722940896879,16,calibration,id
5,61,9,5000039,0.9855722940896879,16,calibration,id
5,61,10,5000039,0.9855722940896879,16,calibration,id
5,61,11,5000039,0.9855722940896879,16,calibration,id
5,61,12,5000039,0.9855722940896879,16,calibration,id
5,61,13,5000039,0.9855722940896879,16,calibration,id
5,61,14,5000039,0.9855722940896879,16,calibration,id
5,61,15,5000039,0.9855722940896879,16,calibration,id
5,63,0,5000040,0.9068247635017924,21,calibration,id
5,63,1,5000040,0.9068247635017924,21,calibration,id
5,63,2,5000040,0.9068247635017924,21,calibration,id
5,63,3,5000040,0.9068247635017924,21,calibration,id
5,63,4,5000040,0.9068247635017924,21,calibration,id
5,63,5,5000040,0.9068247635017924,21,calibration,id
5,63,6,5000040,0.9068247635017924,21,calibration,id
5,63,7,5000040,0.9068247635017924,21,calibration,id
5,63,8,5000040,0.9068247635017924,21,calibration,id
5,63,9,5000040,0.9068247635017924,21,calibration,id
5,63,10,5000040,0.9068247635017924,21,calibration,id
5,63,11,5000040,0.9068247635017924,21,calibration,id
5,63,12,5000040,0.9068247635017924,21,calibration,id
5,63,13,5000040,0.9068247635017924,21,calibration,id
5,63,14,5000040,0.9068247635017924,21,calibration,id
5,63,15,5000040,0.9068247635017924,21,calibration,id
5,64,0,5000041,1.631261714115844,33,calibration,id
5,64,1,5000041,1.631261714115844,33,calibration,id
5,64,2,5000041,1.631261714115844,33,calibration,id
5,64,3,5000041,1.631261714115844,33,calibration,id
5,64,4,5000041,1.631261714115844,33,calibration,id
5,64,5,5000041,1.631261714115844,33,calibration,id
5,64,6,5000041,1.631261714115844,33,calibration,id
5,64,7,5000041,1.631261714115844,33,calibration,id
5,64,8,5000041,1.631261714115844,33,calibration,id
5,64,9,5000041,1.631261714115844,33,calibration,id
5,64,10,5000041,1.631261714115844,33,calibration,id
5,64,11,5000041,1.631261714115844,33,calibration,id
5,64,12,5000041,1.631261714115844,33,calibration,id
5,64,13,5000041,1.631261714115844,33,calibration,id
5,64,14,5000041,1.631261714115844,33,calibration,id
5,64,15,5000041,1.631261714115844,33,calibration,id
5,67,0,5000042,0.752147346966533,27,calibration,id
5,67,1,5000042,0.752147346966533,27,calibration,id
5,67,2,5000042,0.752147346966533,27,calibration,id
5,67,3,5000042,0.752147346966533,27,calibration,id
5,67,4,5000042,0.752147346966533,27,calibration,id
5,67,5,5000042,0.752147346966533,27,calibration,id
5,67,6,5000042,0.752147346966533,27,calibration,id
5,67,7,5000042,0.752147346966533,27,calibration,id
5,67,8,5000042,0.752147346966533,27,calibration,id
5,67,9,5000042,0.752147346966533,27,calibration,id
5,67,10,5000042,0.752147346966533,27,calibration,id
5,67,11,5000042,0.752147346966533,27,calibration,id
5,67,12,5000042,0.752147346966533,27,calibration,id
5,67,13,5000042,0.752147346966533,27,calibration,id
5,67,14,5000042,0.752147346966533,27,calibration,id
5,67,15,5000042,0.752147346966533,27,calibration,id
5,68,0,5000043,0.8039278499187666,30,calibration,id
5,68,1,5000043,0.8039278499187666,30,calibration,id
5,68,2,5000043,0.8039278499187666,30,calibration,id
5,68,3,5000043,0.8039278499187666,30,calibration,id
5,68,4,5000043,0.8039278499187666,30,calibration,id
5,68,5,5000043,0.8039278499187666,30,calibration,id
5,68,6,5000043,0.8039278499187666,30,calibration,id
5,68,7,5000043,0.8039278499187666,30,calibration,id
5,68,8,5000043,0.8039278499187666,30,calibration,id
5,68,9,5000043,0.8039278499187666,30,calibration,id
5,68,10,5000043,0.8039278499187666,30,calibration,id
5,68,11,5000043,0.8039278499187666,30,calibration,id
5,68,12,5000043,0.8039278499187666,30,calibration,id
5,68,13,5000043,0.8039278499187666,30,calibration,id
5,68,14,5000043,0.8039278499187666,30,calibration,id
5,68,15,5000043,0.8039278499187666,30,calibration,id
5,69,0,5000044,0.8963867729740488,23,calibration,id
5,69,1,5000044,0.8963867729740488,23,calibration,id
5,69,2,5000044,0.8963867729740488,23,calibration,id
5,69,3,5000044,0.8963867729740488,23,calibration,id
5,69,4,5000044,0.8963867729740488,23,calibration,id
5,69,5,5000044,0.8963867729740488,23,calibration,id
5,69,6,5000044,0.8963867729740488,23,calibration,id
5,69,7,5000044,0.8963867729740488,23,calibration,id
5,69,8,5000044,0.8963867729740488,23,calibration,id
5,69,9,5000044,0.8963867729740488,23,calibration,id
5,69,10,5000044,0.8963867729740488,23,calibration,id
5,69,11,5000044,0.8963867729740488,23,calibration,id
5,69,12,5000044,0.8963867729740488,23,calibration,id
5,69,13,5000044,0.8963867729740488,23,calibration,id
5,69,14,5000044,0.8963867729740488,23,calibration,id
5,69,15,5000044,0.8963867729740488,23,calibration,id
5,70,0,5000045,0.5447185579513109,17,calibration,id
5,70,1,5000045,0.5447185579513109,17,calibration,id
5,70,2,5000045,0.5447185579513109,17,calibration,id
5,70,3,5000045,0.5447185579513109,17,calibration,id
5,70,4,5000045,0.5447185579513109,17,calibration,id
5,70,5,5000045,0.5447185579513109,17,calibration,id
5,70,6,5000045,0.5447185579513109,17,calibration,id
5,70,7,5000045,0.5447185579513109,17,calibration,id
5,70,8,5000045,0.5447185579513109,17,calibration,id
5,70,9,5000045,0.5447185579513109,17,calibration,id
5,70,10,5000045,0.5447185579513109,17,calibration,id
5,70,11,5000045,0.5447185579513109,17,calibration,id
5,70,12,5000045,0.5447185579513109,17,calibration,id
5,70,13,5000045,0.5447185579513109,17,calibration,id
5,70,14,5000045,0.5447185579513109,17,calibration,id
5,70,15,5000045,0.5447185579513109,17,calibration,id
5,71,0,5000046,2.5906297415757056,87,calibration,id
5,71,1,5000046,2.5906297415757056,87,calibration,id
5,71,2,5000046,2.5906297415757056,87,calibration,id
5,71,3,5000046,2.5906297415757056,87,calibration,id
5,71,4,5000046,2.5906297415757056,87,calibration,id
5,71,5,5000046,2.5906297415757056,87,calibration,id
5,71,6,5000046,2.5906297415757056,87,calibration,id
5,71,7,5000046,2.5906297415757056,87,calibration,id
5,71,8,5000046,2.5906297415757056,87,calibration,id
5,71,9,5000046,2.5906297415757056,87,calibration,id
5,71,10,5000046,2.5906297415757056,87,calibration,id
5,71,11,5000046,2.5906297415757056,87,calibration,id
5,71,12,5000046,2.5906297415757056,87,calibration,id
5,71,13,5000046,2.5906297415757056,87,calibration,id
5,71,14,5000046,2.5906297415757056,87,calibration,id
5,71,15,5000046,2.5906297415757056,87,calibration,id
5,72,0,5000047,1.695229718034866,24,calibration,id
5,72,1,5000047,1.695229718034866,24,calibration,id
5,72,2,5000047,1.695229718034866,24,calibration,id
5,72,3,5000047,1.695229718034866,24,calibration,id
5,72,4,5000047,1.695229718034866,24,calibration,id
5,72,5,5000047,1.695229718034866,24,calibration,id
5,72,6,5000047,1.695229718034866,24,calibration,id
5,72,7,5000047,1.695229718034866,24,calibration,id
5,72,8,5000047,1.695229718034866,24,calibration,id
5,72,9,5000047,1.695229718034866,24,calibration,id
5,72,10,5000047,1.695229718034866,24,calibration,id
5,72,11,5000047,1.695229718034866,24,calibration,id
5,72,12,5000047,1.695229718034866,24,calibration,id
5,72,13,5000047,1.695229718034866,24,calibration,id
5,72,14,5000047,1.695229718034866,24,calibration,id
5,72,15,5000047,1.695229718034866,24,calibration,id
5,73,0,5000048,2.078628659647852,77,calibration,id
5,73,1,5000048,2.078628659647852,77,calibration,id
5,73,2,5000048,2.078628659647852,77,calibration,id
5,73,3,5000048,2.078628659647852,77,calibration,id
5,73,4,5000048,2.078628659647852,77,calibration,id
5,73,5,5000048,2.078628659647852,77,calibration,id
5,73,6,5000048,2.078628659647852,77,calibration,id
5,73,7,5000048,2.078628659647852,77,calibration,id
5,73,8,5000048,2.078628659647852,77,calibration,id
5,73,9,5000048,2.078628659647852,77,calibration,id
5,73,10,5000048,2.078628659647852,77,calibration,id
5,73,11,5000048,2.078628659647852,77,calibration,id
5,73,12,5000048,2.078628659647852,77,calibration,id
5,73,13,5000048,2.078628659647852,77,calibration,id
5,73,14,5000048,2.078628659647852,77,calibration,id
5,73,15,5000048,2.078628659647852,77,calibration,id
5,76,0,5000049,0.824097249469398,26,calibration,id
5,76,1,5000049,0.824097249469398,26,calibration,id
5,76,2,5000049,0.824097249469398,26,calibration,id
5,76,3,5000049,0.824097249469398,26,calibration,id
5,76,4,5000049,0.824097249469398,26,calibration,id
5,76,5,5000049,0.824097249469398,26,calibration,id
5,76,6,5000049,0.824097249469398,26,calibration,id
5,76,7,5000049,0.824097249469398,26,calibration,id
5,76,8,5000049,0.824097249469398,26,calibration,id
5,76,9,5000049,0.824097249469398,26,calibration,id
5,76,10,5000049,0.824097249469398,26,calibration,id
5,76,11,5000049,0.824097249469398,26,calibration,id
5,76,12,5000049,0.824097249469398,26,calibration,id
5,76,13,5000049,0.824097249469398,26,calibration,id
5,76,14,5000049,0.824097249469398,26,calibration,id
5,76,15,5000049,0.824097249469398,26,calibration,id
5,79,0,5000050,1.678180184712712,25,calibration,id
5,79,1,5000050,1.678180184712712,25,calibration,id
5,79,2,5000050,1.678180184712712,25,calibration,id
5,79,3,5000050,1.678180184712712,25,calibration,id
5,79,4,5000050,1.678180184712712,25,calibration,id
5,79,5,5000050,1.678180184712712,25,calibration,id
5,79,6,5000050,1.678180184712712,25,calibration,id
5,79,7,5000050,1.678180184712712,25,calibration,id
5,79,8,5000050,1.678180184712712,25,calibration,id
5,79,9,5000050,1.678180184712712,25,calibration,id
5,79,10,5000050,1.678180184712712,25,calibration,id
5,79,11,5000050,1.678180184712712,25,calibration,id
5,79,12,5000050,1.678180184712712,25,calibration,id
5,79,13,5000050,1.678180184712712,25,calibration,id
5,79,14,5000050,1.678180184712712,25,calibration,id
5,79,15,5000050,1.678180184712712,25,calibration,id
5,79,0,5000051,1.5068932431621445,64,calibration,id
5,79,1,5000051,1.5068932431621445,64,calibration,id
5,79,2,5000051,1.5068932431621445,64,calibration,id
5,79,3,5000051,1.5068932431621445,64,calibration,id
5,79,4,5000051,1.5068932431621445,64,calibration,id
5,79,5,5000051,1.5068932431621445,64,calibration,id
5,79,6,5000051,1.5068932431621445,64,calibration,id
5,79,7,5000051,1.5068932431621445,64,calibration,id
5,79,8,5000051,1.5068932431621445,64,calibration,id
5,79,9,5000051,1.5068932431621445,64,calibration,id
5,79,10,5000051,1.5068932431621445,64,calibration,id
5,79,11,5000051,1.5068932431621445,64,calibration,id
5,79,12,5000051,1.5068932431621445,64,calibration,id
5,79,13,5000051,1.5068932431621445,64,calibration,id
5,79,14,5000051,1.5068932431621445,64,calibration,id
5,79,15,5000051,1.5068932431621445,64,calibration,id
5,85,0,5000052,3.5785663212629766,83,calibration,id
5,85,1,5000052,3.5785663212629766,83,calibration,id
5,85,2,5000052,3.5785663212629766,83,calibration,id
5,85,3,5000052,3.5785663212629766,83,calibration,id
5,85,4,5000052,3.5785663212629766,83,calibration,id
5,85,5,5000052,3.5785663212629766,83,calibration,id
5,85,6,5000052,3.5785663212629766,83,calibration,id
5,85,7,5000052,3.5785663212629766,83,calibration,id
5,85,8,5000052,3.5785663212629766,83,calibration,id
5,85,9,5000052,3.5785663212629766,83,calibration,id
5,85,10,5000052,3.5785663212629766,83,calibration,id
5,85,11,5000052,3.5785663212629766,83,calibration,id
5,85,12,5000052,3.5785663212629766,83,calibration,id
5,85,13,5000052,3.5785663212629766,83,calibration,id
5,85,14,5000052,3.5785663212629766,83,calibration,id
5,85,15,5000052,3.5785663212629766,83,calibration,id
5,86,0,5000053,1.0168752066919753,22,calibration,id
5,86,1,5000053,1.0168752066919753,22,calibration,id
5,86,2,5000053,1.0168752066919753,22,calibration,id
5,86,3,5000053,1.0168752066919753,22,calibration,id
5,86,4,5000053,1.0168752066919753,22,calibration,id
5,86,5,5000053,1.0168752066919753,22,calibration,id
5,86,6,5000053,1.0168752066919753,22,calibration,id
5,86,7,5000053,1.0168752066919753,22,calibration,id
5,86,8,5000053,1.0168752066919753,22,calibration,id
5,86,9,5000053,1.0168752066919753,22,calibration,id
5,86,10,5000053,1.0168752066919753,22,calibration,id
5,86,11,5000053,1.0168752066919753,22,calibration,id
5,86,12,5000053,1.0168752066919753,22,calibration,id
5,86,13,5000053,1.0168752066919753,22,calibration,id
5,86,14,5000053,1.0168752066919753,22,calibration,id
5,86,15,5000053,1.0168752066919753,22,calibration,id
5,86,0,5000054,2.1141276067024792,84,calibration,id
5,86,1,5000054,2.1141276067024792,84,calibration,id
5,86,2,5000054,2.1141276067024792,84,calibration,id
5,86,3,5000054,2.1141276067024792,84,calibration,id
5,86,4,5000054,2.1141276067024792,84,calibration,id
5,86,5,5000054,2.1141276067024792,84,calibration,id
5,86,6,5000054,2.1141276067024792,84,calibration,id
5,86,7,5000054,2.1141276067024792,84,calibration,id
5,86,8,5000054,2.1141276067024792,84,calibration,id
5,86,9,5000054,2.1141276067024792,84,calibration,id
5,86,10,5000054,2.1141276067024792,84,calibration,id
5,86,11,5000054,2.1141276067024792,84,calibration,id
5,86,12,5000054,2.1141276067024792,84,calibration,id
5,86,13,5000054,2.1141276067024792,84,calibration,id
5,86,14,5000054,2.1141276067024792,84,calibration,id
5,86,15,5000054,2.1141276067024792,84,calibration,id
5,86,0,5000055,1.039900984960324,31,calibration,id
5,86,1,5000055,1.039900984960324,31,calibration,id
5,86,2,5000055,1.039900984960324,31,calibration,id
5,86,3,5000055,1.039900984960324,31,calibration,id
5,86,4,5000055,1.039900984960324,31,calibration,id
5,86,5,5000055,1.039900984960324,31,calibration,id
5,86,6,5000055,1.039900984960324,31,calibration,id
5,86,7,5000055,1.039900984960324,31,calibration,id
5,86,8,5000055,1.039900984960324,31,calibration,id
5,86,9,5000055,1.039900984960324,31,calibration,id
5,86,10,5000055,1.039900984960324,31,calibration,id
5,86,11,5000055,1.039900984960324,31,calibration,id
5,86,12,5000055,1.039900984960324,31,calibration,id
5,86,13,5000055,1.039900984960324,31,calibration,id
5,86,14,5000055,1.039900984960324,31,calibration,id
5,86,15,5000055,1.039900984960324,31,calibration,id
5,88,0,5000056,0.7155991972499152,14,calibration,id
5,88,1,5000056,0.7155991972499152,14,calibration,id
5,88,2,5000056,0.7155991972499152,14,calibration,id
5,88,3,5000056,0.7155991972499152,14,calibration,id
5,88,4,5000056,0.7155991972499152,14,calibration,id
5,88,5,5000056,0.7155991972499152,14,calibration,id
5,88,6,5000056,0.7155991972499152,14,calibration,id
5,88,7,5000056,0.7155991972499152,14,calibration,id
5,88,8,5000056,0.7155991972499152,14,calibration,id
5,88,9,5000056,0.7155991972499152,14,calibration,id
5,88,10,5000056,0.7155991972499152,14,calibration,id
5,88,11,5000056,0.7155991972499152,14,calibration,id
5,88,12,5000056,0.7155991972499152,14,calibration,id
5,88,13,5000056,0.7155991972499152,14,calibration,id
5,88,14,5000056,0.7155991972499152,14,calibration,id
5,88,15,5000056,0.7155991972499152,14,calibration,id
6,0,0,6000000,0.8114693796296384,27,calibration,id
6,0,1,6000000,0.8114693796296384,27,calibration,id
6,0,2,6000000,0.8114693796296384,27,calibration,id
6,0,3,6000000,0.8114693796296384,27,calibration,id
6,0,4,6000000,0.8114693796296384,27,calibration,id
6,0,5,6000000,0.8114693796296384,27,calibration,id
6,0,6,6000000,0.8114693796296384,27,calibration,id
6,0,7,6000000,0.8114693796296384,27,calibration,id
6,0,8,6000000,0.8114693796296384,27,calibration,id
6,0,9,6000000,0.8114693796296384,27,calibration,id
6,0,10,6000000,0.8114693796296384,27,calibration,id
6,0,11,6000000,0.8114693796296384,27,calibration,id
6,0,12,6000000,0.8114693796296384,27,calibration,id
6,0,13,6000000,0.8114693796296384,27,calibration,id
6,0,14,6000000,0.8114693796296384,27,calibration,id
6,0,15,6000000,0.8114693796296384,27,calibration,id
6,0,0,6000001,2.7658785692044416,60,calibration,id
6,0,1,6000001,2.7658785692044416,60,calibration,id
6,0,2,6000001,2.7658785692044416,60,calibration,id
6,0,3,6000001,2.7658785692044416,60,calibration,id
6,0,4,6000001,2.7658785692044416,60,calibration,id
6,0,5,6000001,2.7658785692044416,60,calibration,id
6,0,6,6000001,2.7658785692044416,60,calibration,id
6,0,7,6000001,2.7658785692044416,60,calibration,id
6,0,8,6000001,2.7658785692044416,60,calibration,id
6,0,9,6000001,2.7658785692044416,60,calibration,id
6,0,10,6000001,2.7658785692044416,60,calibration,id
6,0,11,6000001,2.7658785692044416,60,calibration,id
6,0,12,6000001,2.7658785692044416,60,calibration,id
6,0,13,6000001,2.7658785692044416,60,calibration,id
6,0,14,6000001,2.7658785692044416,60,calibration,id
6,0,15,6000001,2.7658785692044416,60,calibration,id
6,3,0,6000002,1.1510910341778473,51,calibration,id
6,3,1,6000002,1.1510910341778473,51,calibration,id
6,3,2,6000002,1.1510910341778473,51,calibration,id
6,3,3,6000002,1.1510910341778473,51,calibration,id
6,3,4,6000002,1.1510910341778473,51,calibration,id
6,3,5,6000002,1.1510910341778473,51,calibration,id
6,3,6,6000002,1.1510910341778473,51,calibration,id
6,3,7,6000002,1.1510910341778473,51,calibration,id
6,3,8,6000002,1.1510910341778473,51,calibration,id
6,3,9,6000002,1.1510910341778473,51,calibration,id
6,3,10,6000002,1.1510910341778473,51,calibration,id
6,3,11,6000002,1.1510910341778473,51,calibration,id
6,3,12,6000002,1.1510910341778473,51,calibration,id
6,3,13,6000002,1.1510910341778473,51,calibration,id
6,3,14,6000002,1.1510910341778473,51,calibration,id
6,3,15,6000002,1.1510910341778473,51,calibration,id
6,3,0,6000003,2.235632082397269,56,calibration,id
6,3,1,6000003,2.235632082397269,56,calibration,id
6,3,2,6000003,2.235632082397269,56,calibration,id
6,3,3,6000003,2.235632082397269,56,calibration,id
6,3,4,6000003,2.235632082397269,56,calibration,id
6,3,5,6000003,2.235632082397269,56,calibration,id
6,3,6,6000003,2.235632082397269,56,calibration,id
6,3,7,6000003,2.235632082397269,56,calibration,id
6,3,8,6000003,2.235632082397269,56,calibration,id
6,3,9,6000003,2.235632082397269,56,calibration,id
6,3,10,6000003,2.235632082397269,56,calibration,id
6,3,11,6000003,2.235632082397269,56,calibration,id
6,3,12,6000003,2.235632082397269,56,calibration,id
6,3,13,6000003,2.235632082397269,56,calibration,id
6,3,14,6000003,2.235632082397269,56,calibration,id
6,3,15,6000003,2.235632082397269,56,calibration,id
6,5,0,6000004,2.025048918909036,27,calibration,id
6,5,1,6000004,2.025048918909036,27,calibration,id
6,5,2,6000004,2.025048918909036,27,calibration,id
6,5,3,6000004,2.025048918909036,27,calibration,id
6,5,4,6000004,2.025048918909036,27,calibration,id
6,5,5,6000004,2.025048918909036,27,calibration,id
6,5,6,6000004,2.025048918909036,27,calibration,id
6,5,7,6000004,2.025048918909036,27,calibration,id
6,5,8,6000004,2.025048918909036,27,calibration,id
6,5,9,6000004,2.025048918909036,27,calibration,id
6,5,10,6000004,2.025048918909036,27,calibration,id
6,5,11,6000004,2.025048918909036,27,calibration,id
6,5,12,6000004,2.025048918909036,27,calibration,id
6,5,13,6000004,2.025048918909036,27,calibration,id
6,5,14,6000004,2.025048918909036,27,calibration,id
6,5,15,6000004,2.025048918909036,27,calibration,id
6,7,0,6000005,1.6511314193276323,35,calibration,id
6,7,1,6000005,1.6511314193276323,35,calibration,id
6,7,2,6000005,1.6511314193276323,35,calibration,id
6,7,3,6000005,1.6511314193276323,35,calibration,id
6,7,4,6000005,1.6511314193276323,35,calibration,id
6,7,5,6000005,1.6511314193276323,35,calibration,id
6,7,6,6000005,1.6511314193276323,35,calibration,id
6,7,7,6000005,1.6511314193276323,35,calibration,id
6,7,8,6000005,1.6511314193276323,35,calibration,id
6,7,9,6000005,1.6511314193276323,35,calibration,id
6,7,10,6000005,1.6511314193276323,35,calibration,id
6,7,11,6000005,1.6511314193276323,35,calibration,id
6,7,12,6000005,1.6511314193276323,35,calibration,id
6,7,13,6000005,1.6511314193276323,35,calibration,id
6,7,14,6000005,1.6511314193276323,35,calibration,id
6,7,15,6000005,1.6511314193276323,35,calibration,id
6,8,0,6000006,2.3347587825968397,40,calibration,id
6,8,1,6000006,2.3347587825968397,40,calibration,id
6,8,2,6000006,2.3347587825968397,40,calibration,id
6,8,3,6000006,2.3347587825968397,40,calibration,id
6,8,4,6000006,2.3347587825968397,40,calibration,id
6,8,5,6000006,2.3347587825968397,40,calibration,id
6,8,6,6000006,2.3347587825968397,40,calibration,id
6,8,7,6000006,2.3347587825968397,40,calibration,id
6,8,8,6000006,2.3347587825968397,40,calibration,id
6,8,9,6000006,2.3347587825968397,40,calibration,id
6,8,10,6000006,2.3347587825968397,40,calibration,id
6,8,11,6000006,2.3347587825968397,40,calibration,id
6,8,12,6000006,2.3347587825968397,40,calibration,id
6,8,13,6000006,2.3347587825968397,40,calibration,id
6,8,14,6000006,2.3347587825968397,40,calibration,id
6,8,15,6000006,2.3347587825968397,40,calibration,id
6,9,0,6000007,2.007391787820197,56,calibration,id
6,9,1,6000007,2.007391787820197,56,calibration,id
6,9,2,6000007,2.007391787820197,56,calibration,id
6,9,3,6000007,2.007391787820197,56,calibration,id
6,9,4,6000007,2.007391787820197,56,calibration,id
6,9,5,6000007,2.007391787820197,56,calibration,id
6,9,6,6000007,2.007391787820197,56,calibration,id
6,9,7,6000007,2.007391787820197,56,calibration,id
6,9,8,6000007,2.007391787820197,56,calibration,id
6,9,9,6000007,2.007391787820197,56,calibration,id
6,9,10,6000007,2.007391787820197,56,calibration,id
6,9,11,6000007,2.007391787820197,56,calibration,id
6,9,12,6000007,2.007391787820197,56,calibration,id
6,9,13,6000007,2.007391787820197,56,calibration,id
6,9,14,6000007,2.007391787820197,56,calibration,id
6,9,15,6000007,2.007391787820197,56,calibration,id
6,15,0,6000008,1.3596576324924625,42,calibration,id
6,15,1,6000008,1.3596576324924625,42,calibration,id
6,15,2,6000008,1.3596576324924625,42,calibration,id
6,15,3,6000008,1.3596576324924625,42,calibration,id
6,15,4,6000008,1.3596576324924625,42,calibration,id
6,15,5,6000008,1.3596576324924625,42,calibration,id
6,15,6,6000008,1.3596576324924625,42,calibration,id
6,15,7,6000008,1.3596576324924625,42,calibration,id
6,15,8,6000008,1.3596576324924625,42,calibration,id
6,15,9,6000008,1.3596576324924625,42,calibration,id
6,15,10,6000008,1.3596576324924625,42,calibration,id
6,15,11,6000008,1.3596576324924625,42,calibration,id
6,15,12,6000008,1.3596576324924625,42,calibration,id
6,15,13,6000008,1.3596576324924625,42,calibration,id
6,15,14,6000008,1.3596576324924625,42,calibration,id
6,15,15,6000008,1.3596576324924625,42,calibration,id
6,17,0,6000009,1.0027657906237182,14,calibration,id
6,17,1,6000009,1.0027657906237182,14,calibration,id
6,17,2,6000009,1.0027657906237182,14,calibration,id
6,17,3,6000009,1.0027657906237182,14,calibration,id
6,17,4,6000009,1.0027657906237182,14,calibration,id
6,17,5,6000009,1.0027657906237182,14,calibration,id
6,17,6,6000009,1.0027657906237182,14,calibration,id
6,17,7,6000009,1.0027657906237182,14,calibration,id
6,17,8,6000009,1.0027657906237182,14,calibration,id
6,17,9,6000009,1.0027657906237182,14,calibration,id
6,17,10,6000009,1.0027657906237182,14,calibration,id
6,17,11,6000009,1.0027657906237182,14,calibration,id
6,17,12,6000009,1.0027657906237182,14,calibration,id
6,17,13,6000009,1.0027657906237182,14,calibration,id
6,17,14,6000009,1.0027657906237182,14,calibration,id
6,17,15,6000009,1.0027657906237182,14,calibration,id
6,17,0,6000010,1.70295259689684,30,calibration,id
6,17,1,6000010,1.70295259689684,30,calibration,id
6,17,2,6000010,1.70295259689684,30,calibration,id
6,17,3,6000010,1.70295259689684,30,calibration,id
6,17,4,6000010,1.70295259689684,30,calibration,id
6,17,5,6000010,1.70295259689684,30,calibration,id
6,17,6,6000010,1.70295259689684,30,calibration,id
6,17,7,6000010,1.70295259689684,30,calibration,id
6,17,8,6000010,1.70295259689684,30,calibration,id
6,17,9,6000010,1.70295259689684,30,calibration,id
6,17,10,6000010,1.70295259689684,30,calibration,id
6,17,11,6000010,1.70295259689684,30,calibration,id
6,17,12,6000010,1.70295259689684,30,calibration,id
6,17,13,6000010,1.70295259689684,30,calibration,id
6,17,14,6000010,1.70295259689684,30,calibration,id
6,17,15,6000010,1.70295259689684,30,calibration,id
6,17,0,6000011,1.3692715490209657,25,calibration,id
6,17,1,6000011,1.3692715490209657,25,calibration,id
6,17,2,6000011,1.3692715490209657,25,calibration,id
6,17,3,6000011,1.3692715490209657,25,calibration,id
6,17,4,6000011,1.3692715490209657,25,calibration,id
6,17,5,6000011,1.3692715490209657,25,calibration,id
6,17,6,6000011,1.3692715490209657,25,calibration,id
6,17,7,6000011,1.3692715490209657,25,calibration,id
6,17,8,6000011,1.3692715490209657,25,calibration,id
6,17,9,6000011,1.3692715490209657,25,calibration,id
6,17,10,6000011,1.3692715490209657,25,calibration,id
6,17,11,6000011,1.3692715490209657,25,calibration,id
6,17,12,6000011,1.3692715490209657,25,calibration,id
6,17,13,6000011,1.3692715490209657,25,calibration,id
6,17,14,6000011,1.3692715490209657,25,calibration,id
6,17,15,6000011,1.3692715490209657,25,calibration,id
6,19,0,6000012,3.2800169809239637,53,calibration,id
6,19,1,6000012,3.2800169809239637,53,calibration,id
6,19,2,6000012,3.2800169809239637,53,calibration,id
6,19,3,6000012,3.2800169809239637,53,calibration,id
6,19,4,6000012,3.2800169809239637,53,calibration,id
6,19,5,6000012,3.2800169809239637,53,calibration,id
6,19,6,6000012,3.2800169809239637,53,calibration,id
6,19,7,6000012,3.2800169809239637,53,calibration,id
6,19,8,6000012,3.2800169809239637,53,calibration,id
6,19,9,6000012,3.2800169809239637,53,calibration,id
6,19,10,6000012,3.2800169809239637,53,calibration,id
6,19,11,6000012,3.2800169809239637,53,calibration,id
6,19,12,6000012,3.2800169809239637,53,calibration,id
6,19,13,6000012,3.2800169809239637,53,calibration,id
6,19,14,6000012,3.2800169809239637,53,calibration,id
6,19,15,6000012,3.2800169809239637,53,calibration,id
6,19,0,6000013,0.6801706218974134,23,calibration,id
6,19,1,6000013,0.6801706218974134,23,calibration,id
6,19,2,6000013,0.6801706218974134,23,calibration,id
6,19,3,6000013,0.6801706218974134,23,calibration,id
6,19,4,6000013,0.6801706218974134,23,calibration,id
6,19,5,6000013,0.6801706218974134,23,calibration,id
6,19,6,6000013,0.6801706218974134,23,calibration,id
6,19,7,6000013,0.6801706218974134,23,calibration,id
6,19,8,6000013,0.6801706218974134,23,calibration,id
6,19,9,6000013,0.6801706218974134,23,calibration,id
6,19,10,6000013,0.6801706218974134,23,calibration,id
6,19,11,6000013,0.6801706218974134,23,calibration,id
6,19,12,6000013,0.6801706218974134,23,calibration,id
6,19,13,6000013,0.6801706218974134,23,calibration,id
6,19,14,6000013,0.6801706218974134,23,calibration,id
6,19,15,6000013,0.6801706218974134,23,calibration,id
6,19,0,6000014,0.8606497064565933,25,calibration,id
6,19,1,6000014,0.8606497064565933,25,calibration,id
6,19,2,6000014,0.8606497064565933,25,calibration,id
6,19,3,6000014,0.8606497064565933,25,calibration,id
6,19,4,6000014,0.8606497064565933,25,calibration,id
6,19,5,6000014,0.8606497064565933,25,calibration,id
6,19,6,6000014,0.8606497064565933,25,calibration,id
6,19,7,6000014,0.8606497064565933,25,calibration,id
6,19,8,6000014,0.8606497064565933,25,calibration,id
6,19,9,6000014,0.8606497064565933,25,calibration,id
6,19,10,6000014,0.8606497064565933,25,calibration,id
6,19,11,6000014,0.8606497064565933,25,calibration,id
6,19,12,6000014,0.8606497064565933,25,calibration,id
6,19,13,6000014,0.8606497064565933,25,calibration,id
6,19,14,6000014,0.8606497064565933,25,calibration,id
6,19,15,6000014,0.8606497064565933,25,calibration,id
6,20,0,6000015,2.8318660648338283,50,calibration,id
6,20,1,6000015,2.8318660648338283,50,calibration,id
6,20,2,6000015,2.8318660648338283,50,calibration,id
6,20,3,6000015,2.8318660648338283,50,calibration,id
6,20,4,6000015,2.8318660648338283,50,calibration,id
6,20,5,6000015,2.8318660648338283,50,calibration,id
6,20,6,6000015,2.8318660648338283,50,calibration,id
6,20,7,6000015,2.8318660648338283,50,calibration,id
6,20,8,6000015,2.8318660648338283,50,calibration,id
6,20,9,6000015,2.8318660648338283,50,calibration,id
6,20,10,6000015,2.8318660648338283,50,calibration,id
6,20,11,6000015,2.8318660648338283,50,calibration,id
6,20,12,6000015,2.8318660648338283,50,calibration,id
6,20,13,6000015,2.8318660648338283,50,calibration,id
6,20,14,6000015,2.8318660648338283,50,calibration,id
6,20,15,6000015,2.8318660648338283,50,calibration,id
6,20,0,6000016,1.7997184467372638,56,calibration,id
6,20,1,6000016,1.7997184467372638,56,calibration,id
6,20,2,6000016,1.7997184467372638,56,calibration,id
6,20,3,6000016,1.7997184467372638,56,calibration,id
6,20,4,6000016,1.7997184467372638,56,calibration,id
6,20,5,6000016,1.7997184467372638,56,calibration,id
6,20,6,6000016,1.7997184467372638,56,calibration,id
6,20,7,6000016,1.7997184467372638,56,calibration,id
6,20,8,6000016,1.7997184467372638,56,calibration,id
6,20,9,6000016,1.7997184467372638,56,calibration,id
6,20,10,6000016,1.7997184467372638,56,calibration,id
6,20,11,6000016,1.7997184467372638,56,calibration,id
6,20,12,6000016,1.7997184467372638,56,calibration,id
6,20,13,6000016,1.7997184467372638,56,calibration,id
6,20,14,6000016,1.7997184467372638,56,calibration,id
6,20,15,6000016,1.7997184467372638,56,calibration,id
6,24,0,6000017,0.5917051447470109,11,calibration,id
6,24,1,6000017,0.5917051447470109,11,calibration,id
6,24,2,6000017,0.5917051447470109,11,calibration,id
6,24,3,6000017,0.5917051447470109,11,calibration,id
6,24,4,6000017,0.5917051447470109,11,calibration,id
6,24,5,6000017,0.5917051447470109,11,calibration,id
6,24,6,6000017,0.5917051447470109,11,calibration,id
6,24,7,6000017,0.5917051447470109,11,calibration,id
6,24,8,6000017,0.5917051447470109,11,calibration,id
6,24,9,6000017,0.5917051447470109,11,calibration,id
6,24,10,6000017,0.5917051447470109,11,calibration,id
6,24,11,6000017,0.5917051447470109,11,calibration,id
6,24,12,6000017,0.5917051447470109,11,calibration,id
6,24,13,6000017,0.5917051447470109,11,calibration,id
6,24,14,6000017,0.5917051447470109,11,calibration,id
6,24,15,6000017,0.5917051447470109,11,calibration,id
6,27,0,6000018,0.9679564533812314,31,calibration,id
6,27,1,6000018,0.9679564533812314,31,calibration,id
6,27,2,6000018,0.9679564533812314,31,calibration,id
6,27,3,6000018,0.9679564533812314,31,calibration,id
6,27,4,6000018,0.9679564533812314,31,calibration,id
6,27,5,6000018,0.9679564533812314,31,calibration,id
6,27,6,6000018,0.9679564533812314,31,calibration,id
6,27,7,6000018,0.9679564533812314,31,calibration,id
6,27,8,6000018,0.9679564533812314,31,calibration,id
6,27,9,6000018,0.9679564533812314,31,calibration,id
6,27,10,6000018,0.9679564533812314,31,calibration,id
6,27,11,6000018,0.9679564533812314,31,calibration,id
6,27,12,6000018,0.9679564533812314,31,calibration,id
6,27,13,6000018,0.9679564533812314,31,calibration,id
6,27,14,6000018,0.9679564533812314,31,calibration,id
6,27,15,6000018,0.9679564533812314,31,calibration,id
6,28,0,6000019,0.9381123843422806,12,calibration,id
6,28,1,6000019,0.9381123843422806,12,calibration,id
6,28,2,6000019,0.9381123843422806,12,calibration,id
6,28,3,6000019,0.9381123843422806,12,calibration,id
6,28,4,6000019,0.9381123843422806,12,calibration,id
6,28,5,6000019,0.9381123843422806,12,calibration,id
6,28,6,6000019,0.9381123843422806,12,calibration,id
6,28,7,6000019,0.9381123843422806,12,calibration,id
6,28,8,6000019,0.9381123843422806,12,calibration,id
6,28,9,6000019,0.9381123843422806,12,calibration,id
6,28,10,6000019,0.9381123843422806,12,calibration,id
6,28,11,6000019,0.9381123843422806,12,calibration,id
6,28,12,6000019,0.9381123843422806,12,calibration,id
6,28,13,6000019,0.9381123843422806,12,calibration,id
6,28,14,6000019,0.9381123843422806,12,calibration,id
6,28,15,6000019,0.9381123843422806,12,calibration,id
6,30,0,6000020,1.7878942796665103,58,calibration,id
6,30,1,6000020,1.7878942796665103,58,calibration,id
6,30,2,6000020,1.7878942796665103,58,calibration,id
6,30,3,6000020,1.7878942796665103,58,calibration,id
6,30,4,6000020,1.7878942796665103,58,calibration,id
6,30,5,6000020,1.7878942796665103,58,calibration,id
6,30,6,6000020,1.7878942796665103,58,calibration,id
6,30,7,6000020,1.7878942796665103,58,calibration,id
6,30,8,6000020,1.7878942796665103,58,calibration,id
6,30,9,6000020,1.7878942796665103,58,calibration,id
6,30,10,6000020,1.7878942796665103,58,calibration,id
6,30,11,6000020,1.7878942796665103,58,calibration,id
6,30,12,6000020,1.7878942796665103,58,calibration,id
6,30,13,6000020,1.7878942796665103,58,calibration,id
6,30,14,6000020,1.7878942796665103,58,calibration,id
6,30,15,6000020,1.7878942796665103,58,calibration,id
6,34,0,6000021,2.2696960174000425,48,calibration,id
6,34,1,6000021,2.2696960174000425,48,calibration,id
6,34,2,6000021,2.2696960174000425,48,calibration,id
6,34,3,6000021,2.2696960174000425,48,calibration,id
6,34,4,6000021,2.2696960174000425,48,calibration,id
6,34,5,6000021,2.2696960174000425,48,calibration,id
6,34,6,6000021,2.2696960174000425,48,calibration,id
6,34,7,6000021,2.2696960174000425,48,calibration,id
6,34,8,6000021,2.2696960174000425,48,calibration,id
6,34,9,6000021,2.2696960174000425,48,calibration,id
6,34,10,6000021,2.2696960174000425,48,calibration,id
6,34,11,6000021,2.2696960174000425,48,calibration,id
6,34,12,6000021,2.2696960174000425,48,calibration,id
6,34,13,6000021,2.2696960174000425,48,calibration,id
6,34,14,6000021,2.2696960174000425,48,calibration,id
6,34,15,6000021,2.2696960174000425,48,calibration,id
6,35,0,6000022,2.837845054831565,49,calibration,id
6,35,1,6000022,2.837845054831565,49,calibration,id
6,35,2,6000022,2.837845054831565,49,calibration,id
6,35,3,6000022,2.837845054831565,49,calibration,id
6,35,4,6000022,2.837845054831565,49,calibration,id
6,35,5,6000022,2.837845054831565,49,calibration,id
6,35,6,6000022,2.837845054831565,49,calibration,id
6,35,7,6000022,2.837845054831565,49,calibration,id
6,35,8,6000022,2.837845054831565,49,calibration,id
6,35,9,6000022,2.837845054831565,49,calibration,id
6,35,10,6000022,2.837845054831565,49,calibration,id
6,35,11,6000022,2.837845054831565,49,calibration,id
6,35,12,6000022,2.837845054831565,49,calibration,id
6,35,13,6000022,2.837845054831565,49,calibration,id
6,35,14,6000022,2.837845054831565,49,calibration,id
6,35,15,6000022,2.837845054831565,49,calibration,id
6,35,0,6000023,3.248851678108563,65,calibration,id
6,35,1,6000023,3.248851678108563,65,calibration,id
6,35,2,6000023,3.248851678108563,65,calibration,id
6,35,3,6000023,3.248851678108563,65,calibration,id
6,35,4,6000023,3.248851678108563,65,calibration,id
6,35,5,6000023,3.248851678108563,65,calibration,id
6,35,6,6000023,3.248851678108563,65,calibration,id
6,35,7,6000023,3.248851678108563,65,calibration,id
6,35,8,6000023,3.248851678108563,65,calibration,id
6,35,9,6000023,3.248851678108563,65,calibration,id
6,35,10,6000023,3.248851678108563,65,calibration,id
6,35,11,6000023,3.248851678108563,65,calibration,id
6,35,12,6000023,3.248851678108563,65,calibration,id
6,35,13,6000023,3.248851678108563,65,calibration,id
6,35,14,6000023,3.248851678108563,65,calibration,id
6,35,15,6000023,3.248851678108563,65,calibration,id
6,38,0,6000024,1.4498679446926794,38,calibration,id
6,38,1,6000024,1.4498679446926794,38,calibration,id
6,38,2,6000024,1.4498679446926794,38,calibration,id
6,38,3,6000024,1.4498679446926794,38,calibration,id
6,38,4,6000024,1.4498679446926794,38,calibration,id
6,38,5,6000024,1.4498679446926794,38,calibration,id
6,38,6,6000024,1.4498679446926794,38,calibration,id
6,38,7,6000024,1.4498679446926794,38,calibration,id
6,38,8,6000024,1.4498679446926794,38,calibration,id
6,38,9,6000024,1.4498679446926794,38,calibration,id
6,38,10,6000024,1.4498679446926794,38,calibration,id
6,38,11,6000024,1.4498679446926794,38,calibration,id
6,38,12,6000024,1.4498679446926794,38,calibration,id
6,38,13,6000024,1.4498679446926794,38,calibration,id
6,38,14,6000024,1.4498679446926794,38,calibration,id
6,38,15,6000024,1.4498679446926794,38,calibration,id
6,41,0,6000025,0.6097210109514277,11,calibration,id
6,41,1,6000025,0.6097210109514277,11,calibration,id
6,41,2,6000025,0.6097210109514277,11,calibration,id
6,41,3,6000025,0.6097210109514277,11,calibration,id
6,41,4,6000025,0.6097210109514277,11,calibration,id
6,41,5,6000025,0.6097210109514277,11,calibration,id
6,41,6,6000025,0.6097210109514277,11,calibration,id
6,41,7,6000025,0.6097210109514277,11,calibration,id
6,41,8,6000025,0.6097210109514277,11,calibration,id
6,41,9,6000025,0.6097210109514277,11,calibration,id
6,41,10,6000025,0.6097210109514277,11,calibration,id
6,41,11,6000025,0.6097210109514277,11,calibration,id
6,41,12,6000025,0.6097210109514277,11,calibration,id
6,41,13,6000025,0.6097210109514277,11,calibration,id
6,41,14,6000025,0.6097210109514277,11,calibration,id
6,41,15,6000025,0.6097210109514277,11,calibration,id
6,44,0,6000026,0.6422204134965629,13,calibration,id
6,44,1,6000026,0.6422204134965629,13,calibration,id
6,44,2,6000026,0.6422204134965629,13,calibration,id
6,44,3,6000026,0.6422204134965629,13,calibration,id
6,44,4,6000026,0.6422204134965629,13,calibration,id
6,44,5,6000026,0.6422204134965629,13,calibration,id
6,44,6,6000026,0.6422204134965629,13,calibration,id
6,44,7,6000026,0.6422204134965629,13,calibration,id
6,44,8,6000026,0.6422204134965629,13,calibration,id
6,44,9,6000026,0.6422204134965629,13,calibration,id
6,44,10,6000026,0.6422204134965629,13,calibration,id
6,44,11,6000026,0.6422204134965629,13,calibration,id
6,44,12,6000026,0.6422204134965629,13,calibration,id
6,44,13,6000026,0.6422204134965629,13,calibration,id
6,44,14,6000026,0.6422204134965629,13,calibration,id
6,44,15,6000026,0.6422204134965629,13,calibration,id
6,45,0,6000027,0.6858285159305924,17,calibration,id
6,45,1,6000027,0.6858285159305924,17,calibration,id
6,45,2,6000027,0.6858285159305924,17,calibration,id
6,45,3,6000027,0.6858285159305924,17,calibration,id
6,45,4,6000027,0.6858285159305924,17,calibration,id
6,45,5,6000027,0.6858285159305924,17,calibration,id
6,45,6,6000027,0.6858285159305924,17,calibration,id
6,45,7,6000027,0.6858285159305924,17,calibration,id
6,45,8,6000027,0.6858285159305924,17,calibration,id
6,45,9,6000027,0.6858285159305924,17,calibration,id
6,45,10,6000027,0.6858285159305924,17,calibration,id
6,45,11,6000027,0.6858285159305924,17,calibration,id
6,45,12,6000027,0.6858285159305924,17,calibration,id
6,45,13,6000027,0.6858285159305924,17,calibration,id
6,45,14,6000027,0.6858285159305924,17,calibration,id
6,45,15,6000027,0.6858285159305924,17,calibration,id
6,45,0,6000028,0.8826888895780856,29,calibration,id
6,45,1,6000028,0.8826888895780856,29,calibration,id
6,45,2,6000028,0.8826888895780856,29,calibration,id
6,45,3,6000028,0.8826888895780856,29,calibration,id
6,45,4,6000028,0.8826888895780856,29,calibration,id
6,45,5,6000028,0.8826888895780856,29,calibration,id
6,45,6,6000028,0.8826888895780856,29,calibration,id
6,45,7,6000028,0.8826888895780856,29,calibration,id
6,45,8,6000028,0.8826888895780856,29,calibration,id
6,45,9,6000028,0.8826888895780856,29,calibration,id
6,45,10,6000028,0.8826888895780856,29,calibration,id
6,45,11,6000028,0.8826888895780856,29,calibration,id
6,45,12,6000028,0.8826888895780856,29,calibration,id
6,45,13,6000028,0.8826888895780856,29,calibration,id
6,45,14,6000028,0.8826888895780856,29,calibration,id
6,45,15,6000028,0.8826888895780856,29,calibration,id
6,48,0,6000029,0.7787016222085591,30,calibration,id
6,48,1,6000029,0.7787016222085591,30,calibration,id
6,48,2,6000029,0.7787016222085591,30,calibration,id
6,48,3,6000029,0.7787016222085591,30,calibration,id
6,48,4,6000029,0.7787016222085591,30,calibration,id
6,48,5,6000029,0.7787016222085591,30,calibration,id
6,48,6,6000029,0.7787016222085591,30,calibration,id
6,48,7,6000029,0.7787016222085591,30,calibration,id
6,48,8,6000029,0.7787016222085591,30,calibration,id
6,48,9,6000029,0.7787016222085591,30,calibration,id
6,48,10,6000029,0.7787016222085591,30,calibration,id
6,48,11,6000029,0.7787016222085591,30,calibration,id
6,48,12,6000029,0.7787016222085591,30,calibration,id
6,48,13,6000029,0.7787016222085591,30,calibration,id
6,48,14,6000029,0.7787016222085591,30,calibration,id
6,48,15,6000029,0.7787016222085591,30,calibration,id
6,55,0,6000030,1.6959414979874405,32,calibration,id
6,55,1,6000030,1.6959414979874405,32,calibration,id
6,55,2,6000030,1.6959414979874405,32,calibration,id
6,55,3,6000030,1.6959414979874405,32,calibration,id
6,55,4,6000030,1.6959414979874405,32,calibration,id
6,55,5,6000030,1.6959414979874405,32,calibration,id
6,55,6,6000030,1.6959414979874405,32,calibration,id
6,55,7,6000030,1.6959414979874405,32,calibration,id
6,55,8,6000030,1.6959414979874405,32,calibration,id
6,55,9,6000030,1.6959414979874405,32,calibration,id
6,55,10,6000030,1.6959414979874405,32,calibration,id
6,55,11,6000030,1.6959414979874405,32,calibration,id
6,55,12,6000030,1.6959414979874405,32,calibration,id
6,55,13,6000030,1.6959414979874405,32,calibration,id
6,55,14,6000030,1.6959414979874405,32,calibration,id
6,55,15,6000030,1.6959414979874405,32,calibration,id
6,58,0,6000031,3.118661245588667,99,calibration,id
6,58,1,6000031,3.118661245588667,99,calibration,id
6,58,2,6000031,3.118661245588667,99,calibration,id
6,58,3,6000031,3.118661245588667,99,calibration,id
6,58,4,6000031,3.118661245588667,99,calibration,id
6,58,5,6000031,3.118661245588667,99,calibration,id
6,58,6,6000031,3.118661245588667,99,calibration,id
6,58,7,6000031,3.118661245588667,99,calibration,id
6,58,8,6000031,3.118661245588667,99,calibration,id
6,58,9,6000031,3.118661245588667,99,calibration,id
6,58,10,6000031,3.118661245588667,99,calibration,id
6,58,11,6000031,3.118661245588667,99,calibration,id
6,58,12,6000031,3.118661245588667,99,calibration,id
6,58,13,6000031,3.118661245588667,99,calibration,id
6,58,14,6000031,3.118661245588667,99,calibration,id
6,58,15,6000031,3.118661245588667,99,calibration,id
6,58,0,6000032,2.668993786041205,78,calibration,id
6,58,1,6000032,2.668993786041205,78,calibration,id
6,58,2,6000032,2.668993786041205,78,calibration,id
6,58,3,6000032,2.668993786041205,78,calibration,id
6,58,4,6000032,2.668993786041205,78,calibration,id
6,58,5,6000032,2.668993786041205,78,calibration,id
6,58,6,6000032,2.668993786041205,78,calibration,id
6,58,7,6000032,2.668993786041205,78,calibration,id
6,58,8,6000032,2.668993786041205,78,calibration,id
6,58,9,6000032,2.668993786041205,78,calibration,id
6,58,10,6000032,2.668993786041205,78,calibration,id
6,58,11,6000032,2.668993786041205,78,calibration,id
6,58,12,6000032,2.668993786041205,78,calibration,id
6,58,13,6000032,2.668993786041205,78,calibration,id
6,58,14,6000032,2.668993786041205,78,calibration,id
6,58,15,6000032,2.668993786041205,78,calibration,id
6,61,0,6000033,0.6613225099556861,17,calibration,id
6,61,1,6000033,0.6613225099556861,17,calibration,id
6,61,2,6000033,0.6613225099556861,17,calibration,id
6,61,3,6000033,0.6613225099556861,17,calibration,id
6,61,4,6000033,0.6613225099556861,17,calibration,id
6,61,5,6000033,0.6613225099556861,17,calibration,id
6,61,6,6000033,0.6613225099556861,17,calibration,id
6,61,7,6000033,0.6613225099556861,17,calibration,id
6,61,8,6000033,0.6613225099556861,17,calibration,id
6,61,9,6000033,0.6613225099556861,17,calibration,id
6,61,10,6000033,0.6613225099556861,17,calibration,id
6,61,11,6000033,0.6613225099556861,17,calibration,id
6,61,12,6000033,0.6613225099556861,17,calibration,id
6,61,13,6000033,0.6613225099556861,17,calibration,id
6,61,14,6000033,0.6613225099556861,17,calibration,id
6,61,15,6000033,0.6613225099556861,17,calibration,id
6,68,0,6000034,1.3862903767964854,42,calibration,id
6,68,1,6000034,1.3862903767964854,42,calibration,id
6,68,2,6000034,1.3862903767964854,42,calibration,id
6,68,3,6000034,1.3862903767964854,42,calibration,id
6,68,4,6000034,1.3862903767964854,42,calibration,id
6,68,5,6000034,1.3862903767964854,42,calibration,id
6,68,6,6000034,1.3862903767964854,42,calibration,id
6,68,7,6000034,1.3862903767964854,42,calibration,id
6,68,8,6000034,1.3862903767964854,42,calibration,id
6,68,9,6000034,1.3862903767964854,42,calibration,id
6,68,10,6000034,1.3862903767964854,42,calibration,id
6,68,11,6000034,1.3862903767964854,42,calibration,id
6,68,12,6000034,1.3862903767964854,42,calibration,id
6,68,13,6000034,1.3862903767964854,42,calibration,id
6,68,14,6000034,1.3862903767964854,42,calibration,id
6,68,15,6000034,1.3862903767964854,42,calibration,id
6,68,0,6000035,1.8006185075419903,57,calibration,id
6,68,1,6000035,1.8006185075419903,57,calibration,id
6,68,2,6000035,1.8006185075419903,57,calibration,id
6,68,3,6000035,1.8006185075419903,57,calibration,id
6,68,4,6000035,1.8006185075419903,57,calibration,id
6,68,5,6000035,1.8006185075419903,57,calibration,id
6,68,6,6000035,1.8006185075419903,57,calibration,id
6,68,7,6000035,1.8006185075419903,57,calibration,id
6,68,8,6000035,1.8006185075419903,57,calibration,id
6,68,9,6000035,1.8006185075419903,57,calibration,id
6,68,10,6000035,1.8006185075419903,57,calibration,id
6,68,11,6000035,1.8006185075419903,57,calibration,id
6,68,12,6000035,1.8006185075419903,57,calibration,id
6,68,13,6000035,1.8006185075419903,57,calibration,id
6,68,14,6000035,1.8006185075419903,57,calibration,id
6,68,15,6000035,1.8006185075419903,57,calibration,id
6,69,0,6000036,1.7718272556684034,28,calibration,id
6,69,1,6000036,1.7718272556684034,28,calibration,id
6,69,2,6000036,1.7718272556684034,28,calibration,id
6,69,3,6000036,1.7718272556684034,28,calibration,id
6,69,4,6000036,1.7718272556684034,28,calibration,id
6,69,5,6000036,1.7718272556684034,28,calibration,id
6,69,6,6000036,1.7718272556684034,28,calibration,id
6,69,7,6000036,1.7718272556684034,28,calibration,id
6,69,8,6000036,1.7718272556684034,28,calibration,id
6,69,9,6000036,1.7718272556684034,28,calibration,id
6,69,10,6000036,1.7718272556684034,28,calibration,id
6,69,11,6000036,1.7718272556684034,28,calibration,id
6,69,12,6000036,1.7718272556684034,28,calibration,id
6,69,13,6000036,1.7718272556684034,28,calibration,id
6,69,14,6000036,1.7718272556684034,28,calibration,id
6,69,15,6000036,1.7718272556684034,28,calibration,id
6,69,0,6000037,1.8855180124787594,30,calibration,id
6,69,1,6000037,1.8855180124787594,30,calibration,id
6,69,2,6000037,1.8855180124787594,30,calibration,id
6,69,3,6000037,1.8855180124787594,30,calibration,id
6,69,4,6000037,1.8855180124787594,30,calibration,id
6,69,5,6000037,1.8855180124787594,30,calibration,id
6,69,6,6000037,1.8855180124787594,30,calibration,id
6,69,7,6000037,1.8855180124787594,30,calibration,id
6,69,8,6000037,1.8855180124787594,30,calibration,id
6,69,9,6000037,1.8855180124787594,30,calibration,id
6,69,10,6000037,1.8855180124787594,30,calibration,id
6,69,11,6000037,1.8855180124787594,30,calibration,id
6,69,12,6000037,1.8855180124787594,30,calibration,id
6,69,13,6000037,1.8855180124787594,30,calibration,id
6,69,14,6000037,1.8855180124787594,30,calibration,id
6,69,15,6000037,1.8855180124787594,30,calibration,id
6,70,0,6000038,3.572554905904096,59,calibration,id
6,70,1,6000038,3.572554905904096,59,calibration,id
6,70,2,6000038,3.572554905904096,59,calibration,id
6,70,3,6000038,3.572554905904096,59,calibration,id
6,70,4,6000038,3.572554905904096,59,calibration,id
6,70,5,6000038,3.572554905904096,59,calibration,id
6,70,6,6000038,3.572554905904096,59,calibration,id
6,70,7,6000038,3.572554905904096,59,calibration,id
6,70,8,6000038,3.572554905904096,59,calibration,id
6,70,9,6000038,3.572554905904096,59,calibration,id
6,70,10,6000038,3.572554905904096,59,calibration,id
6,70,11,6000038,3.572554905904096,59,calibration,id
6,70,12,6000038,3.572554905904096,59,calibration,id
6,70,13,6000038,3.572554905904096,59,calibration,id
6,70,14,6000038,3.572554905904096,59,calibration,id
6,70,15,6000038,3.572554905904096,59,calibration,id
6,71,0,6000039,0.8921125308626134,24,calibration,id
6,71,1,6000039,0.8921125308626134,24,calibration,id
6,71,2,6000039,0.8921125308626134,24,calibration,id
6,71,3,6000039,0.8921125308626134,24,calibration,id
6,71,4,6000039,0.8921125308626134,24,calibration,id
6,71,5,6000039,0.8921125308626134,24,calibration,id
6,71,6,6000039,0.8921125308626134,24,calibration,id
6,71,7,6000039,0.8921125308626134,24,calibration,id
6,71,8,6000039,0.8921125308626134,24,calibration,id
6,71,9,6000039,0.8921125308626134,24,calibration,id
6,71,10,6000039,0.8921125308626134,24,calibration,id
6,71,11,6000039,0.8921125308626134,24,calibration,id
6,71,12,6000039,0.8921125308626134,24,calibration,id
6,71,13,6000039,0.8921125308626134,24,calibration,id
6,71,14,6000039,0.8921125308626134,24,calibration,id
6,71,15,6000039,0.8921125308626134,24,calibration,id
6,72,0,6000040,3.4397901164187252,100,calibration,id
6,72,1,6000040,3.4397901164187252,100,calibration,id
6,72,2,6000040,3.4397901164187252,100,calibration,id
6,72,3,6000040,3.4397901164187252,100,calibration,id
6,72,4,6000040,3.4397901164187252,100,calibration,id
6,72,5,6000040,3.4397901164187252,100,calibration,id
6,72,6,6000040,3.4397901164187252,100,calibration,id
6,72,7,6000040,3.4397901164187252,100,calibration,id
6,72,8,6000040,3.4397901164187252,100,calibration,id
6,72,9,6000040,3.4397901164187252,100,calibration,id
6,72,10,6000040,3.4397901164187252,100,calibration,id
6,72,11,6000040,3.4397901164187252,100,calibration,id
6,72,12,6000040,3.4397901164187252,100,calibration,id
6,72,13,6000040,3.4397901164187252,100,calibration,id
6,72,14,6000040,3.4397901164187252,100,calibration,id
6,72,15,6000040,3.4397901164187252,100,calibration,id
6,72,0,6000041,0.5881878117039863,11,calibration,id
6,72,1,6000041,0.5881878117039863,11,calibration,id
6,72,2,6000041,0.5881878117039863,11,calibration,id
6,72,3,6000041,0.5881878117039863,11,calibration,id
6,72,4,6000041,0.5881878117039863,11,calibration,id
6,72,5,6000041,0.5881878117039863,11,calibration,id
6,72,6,6000041,0.5881878117039863,11,calibration,id
6,72,7,6000041,0.5881878117039863,11,calibration,id
6,72,8,6000041,0.5881878117039863,11,calibration,id
6,72,9,6000041,0.5881878117039863,11,calibration,id
6,72,10,6000041,0.5881878117039863,11,calibration,id
6,72,11,6000041,0.5881878117039863,11,calibration,id
6,72,12,6000041,0.5881878117039863,11,calibration,id
6,72,13,6000041,0.5881878117039863,11,calibration,id
6,72,14,6000041,0.5881878117039863,11,calibration,id
6,72,15,6000041,0.5881878117039863,11,calibration,id
6,74,0,6000042,0.8695066498309089,27,calibration,id
6,74,1,6000042,0.8695066498309089,27,calibration,id
6,74,2,6000042,0.8695066498309089,27,calibration,id
6,74,3,6000042,0.8695066498309089,27,calibration,id
6,74,4,6000042,0.8695066498309089,27,calibration,id
6,74,5,6000042,0.8695066498309089,27,calibration,id
6,74,6,6000042,0.8695066498309089,27,calibration,id
6,74,7,6000042,0.8695066498309089,27,calibration,id
6,74,8,6000042,0.8695066498309089,27,calibration,id
6,74,9,6000042,0.8695066498309089,27,calibration,id
6,74,10,6000042,0.8695066498309089,27,calibration,id
6,74,11,6000042,0.8695066498309089,27,calibration,id
6,74,12,6000042,0.8695066498309089,27,calibration,id
6,74,13,6000042,0.8695066498309089,27,calibration,id
6,74,14,6000042,0.8695066498309089,27,calibration,id
6,74,15,6000042,0.8695066498309089,27,calibration,id
6,74,0,6000043,2.796341459831248,91,calibration,id
6,74,1,6000043,2.796341459831248,91,calibration,id
6,74,2,6000043,2.796341459831248,91,calibration,id
6,74,3,6000043,2.796341459831248,91,calibration,id
6,74,4,6000043,2.796341459831248,91,calibration,id
6,74,5,6000043,2.796341459831248,91,calibration,id
6,74,6,6000043,2.796341459831248,91,calibration,id
6,74,7,6000043,2.796341459831248,91,calibration,id
6,74,8,6000043,2.796341459831248,91,calibration,id
6,74,9,6000043,2.796341459831248,91,calibration,id
6,74,10,6000043,2.796341459831248,91,calibration,id
6,74,11,6000043,2.796341459831248,91,calibration,id
6,74,12,6000043,2.796341459831248,91,calibration,id
6,74,13,6000043,2.796341459831248,91,calibration,id
6,74,14,6000043,2.796341459831248,91,calibration,id
6,74,15,6000043,2.796341459831248,91,calibration,id
6,75,0,6000044,1.4821380550571328,50,calibration,id
6,75,1,6000044,1.4821380550571328,50,calibration,id
6,75,2,6000044,1.4821380550571328,50,calibration,id
6,75,3,6000044,1.4821380550571328,50,calibration,id
6,75,4,6000044,1.4821380550571328,50,calibration,id
6,75,5,6000044,1.4821380550571328,50,calibration,id
6,75,6,6000044,1.4821380550571328,50,calibration,id
6,75,7,6000044,1.4821380550571328,50,calibration,id
6,75,8,6000044,1.4821380550571328,50,calibration,id
6,75,9,6000044,1.4821380550571328,50,calibration,id
6,75,10,6000044,1.4821380550571328,50,calibration,id
6,75,11,6000044,1.4821380550571328,50,calibration,id
6,75,12,6000044,1.4821380550571328,50,calibration,id
6,75,13,6000044,1.4821380550571328,50,calibration,id
6,75,14,6000044,1.4821380550571328,50,calibration,id
6,75,15,6000044,1.4821380550571328,50,calibration,id
6,76,0,6000045,0.9567329053632456,13,calibration,id
6,76,1,6000045,0.9567329053632456,13,calibration,id
6,76,2,6000045,0.9567329053632456,13,calibration,id
6,76,3,6000045,0.9567329053632456,13,calibration,id
6,76,4,6000045,0.9567329053632456,13,calibration,id
6,76,5,6000045,0.9567329053632456,13,calibration,id
6,76,6,6000045,0.9567329053632456,13,calibration,id
6,76,7,6000045,0.9567329053632456,13,calibration,id
6,76,8,6000045,0.9567329053632456,13,calibration,id
6,76,9,6000045,0.9567329053632456,13,calibration,id
6,76,10,6000045,0.9567329053632456,13,calibration,id
6,76,11,6000045,0.9567329053632456,13,calibration,id
6,76,12,6000045,0.9567329053632456,13,calibration,id
6,76,13,6000045,0.9567329053632456,13,calibration,id
6,76,14,6000045,0.9567329053632456,13,calibration,id
6,76,15,6000045,0.9567329053632456,13,calibration,id
6,78,0,6000046,1.298280887059965,58,calibration,id
6,78,1,6000046,1.298280887059965,58,calibration,id
6,78,2,6000046,1.298280887059965,58,calibration,id
6,78,3,6000046,1.298280887059965,58,calibration,id
6,78,4,6000046,1.298280887059965,58,calibration,id
6,78,5,6000046,1.298280887059965,58,calibration,id
6,78,6,6000046,1.298280887059965,58,calibration,id
6,78,7,6000046,1.298280887059965,58,calibration,id
6,78,8,6000046,1.298280887059965,58,calibration,id
6,78,9,6000046,1.298280887059965,58,calibration,id
6,78,10,6000046,1.298280887059965,58,calibration,id
6,78,11,6000046,1.298280887059965,58,calibration,id
6,78,12,6000046,1.298280887059965,58,calibration,id
6,78,13,6000046,1.298280887059965,58,calibration,id
6,78,14,6000046,1.298280887059965,58,calibration,id
6,78,15,6000046,1.298280887059965,58,calibration,id
6,80,0,6000047,1.582346230076735,41,calibration,id
6,80,1,6000047,1.582346230076735,41,calibration,id
6,80,2,6000047,1.582346230076735,41,calibration,id
6,80,3,6000047,1.582346230076735,41,calibration,id
6,80,4,6000047,1.582346230076735,41,calibration,id
6,80,5,6000047,1.582346230076735,41,calibration,id
6,80,6,6000047,1.582346230076735,41,calibration,id
6,80,7,6000047,1.582346230076735,41,calibration,id
6,80,8,6000047,1.582346230076735,41,calibration,id
6,80,9,6000047,1.582346230076735,41,calibration,id
6,80,10,6000047,1.582346230076735,41,calibration,id
6,80,11,6000047,1.582346230076735,41,calibration,id
6,80,12,6000047,1.582346230076735,41,calibration,id
6,80,13,6000047,1.582346230076735,41,calibration,id
6,80,14,6000047,1.582346230076735,41,calibration,id
6,80,15,6000047,1.582346230076735,41,calibration,id
6,81,0,6000048,1.957738673729093,41,calibration,id
6,81,1,6000048,1.957738673729093,41,calibration,id
6,81,2,6000048,1.957738673729093,41,calibration,id
6,81,3,6000048,1.957738673729093,41,calibration,id
6,81,4,6000048,1.957738673729093,41,calibration,id
6,81,5,6000048,1.957738673729093,41,calibration,id
6,81,6,6000048,1.957738673729093,41,calibration,id
6,81,7,6000048,1.957738673729093,41,calibration,id
6,81,8,6000048,1.957738673729093,41,calibration,id
6,81,9,6000048,1.957738673729093,41,calibration,id
6,81,10,6000048,1.957738673729093,41,calibration,id
6,81,11,6000048,1.957738673729093,41,calibration,id
6,81,12,6000048,1.957738673729093,41,calibration,id
6,81,13,6000048,1.957738673729093,41,calibration,id
6,81,14,6000048,1.957738673729093,41,calibration,id
6,81,15,6000048,1.957738673729093,41,calibration,id
6,81,0,6000049,0.9027302311712555,29,calibration,id
6,81,1,6000049,0.9027302311712555,29,calibration,id
6,81,2,6000049,0.9027302311712555,29,calibration,id
6,81,3,6000049,0.9027302311712555,29,calibration,id
6,81,4,6000049,0.9027302311712555,29,calibration,id
6,81,5,6000049,0.9027302311712555,29,calibration,id
6,81,6,6000049,0.9027302311712555,29,calibration,id
6,81,7,6000049,0.9027302311712555,29,calibration,id
6,81,8,6000049,0.9027302311712555,29,calibration,id
6,81,9,6000049,0.9027302311712555,29,calibration,id
6,81,10,6000049,0.9027302311712555,29,calibration,id
6,81,11,6000049,0.9027302311712555,29,calibration,id
6,81,12,6000049,0.9027302311712555,29,calibration,id
6,81,13,6000049,0.9027302311712555,29,calibration,id
6,81,14,6000049,0.9027302311712555,29,calibration,id
6,81,15,6000049,0.9027302311712555,29,calibration,id
6,83,0,6000050,2.8422927743960487,82,calibration,id
6,83,1,6000050,2.8422927743960487,82,calibration,id
6,83,2,6000050,2.8422927743960487,82,calibration,id
6,83,3,6000050,2.8422927743960487,82,calibration,id
6,83,4,6000050,2.8422927743960487,82,calibration,id
6,83,5,6000050,2.8422927743960487,82,calibration,id
6,83,6,6000050,2.8422927743960487,82,calibration,id
6,83,7,6000050,2.8422927743960487,82,calibration,id
6,83,8,6000050,2.8422927743960487,82,calibration,id
6,83,9,6000050,2.8422927743960487,82,calibration,id
6,83,10,6000050,2.8422927743960487,82,calibration,id
6,83,11,6000050,2.8422927743960487,82,calibration,id
6,83,12,6000050,2.8422927743960487,82,calibration,id
6,83,13,6000050,2.8422927743960487,82,calibration,id
6,83,14,6000050,2.8422927743960487,82,calibration,id
6,83,15,6000050,2.8422927743960487,82,calibration,id
6,84,0,6000051,1.3208878046814165,52,calibration,id
6,84,1,6000051,1.3208878046814165,52,calibration,id
6,84,2,6000051,1.3208878046814165,52,calibration,id
6,84,3,6000051,1.3208878046814165,52,calibration,id
6,84,4,6000051,1.3208878046814165,52,calibration,id
6,84,5,6000051,1.3208878046814165,52,calibration,id
6,84,6,6000051,1.3208878046814165,52,calibration,id
6,84,7,6000051,1.3208878046814165,52,calibration,id
6,84,8,6000051,1.3208878046814165,52,calibration,id
6,84,9,6000051,1.3208878046814165,52,calibration,id
6,84,10,6000051,1.3208878046814165,52,calibration,id
6,84,11,6000051,1.3208878046814165,52,calibration,id
6,84,12,6000051,1.3208878046814165,52,calibration,id
6,84,13,6000051,1.3208878046814165,52,calibration,id
6,84,14,6000051,1.3208878046814165,52,calibration,id
6,84,15,6000051,1.3208878046814165,52,calibration,id
6,84,0,6000052,2.0130852730228534,59,calibration,id
6,84,1,6000052,2.0130852730228534,59,calibration,id
6,84,2,6000052,2.0130852730228534,59,calibration,id
6,84,3,6000052,2.0130852730228534,59,calibration,id
6,84,4,6000052,2.0130852730228534,59,calibration,id
6,84,5,6000052,2.0130852730228534,59,calibration,id
6,84,6,6000052,2.0130852730228534,59,calibration,id
6,84,7,6000052,2.0130852730228534,59,calibration,id
6,84,8,6000052,2.0130852730228534,59,calibration,id
6,84,9,6000052,2.0130852730228534,59,calibration,id
6,84,10,6000052,2.0130852730228534,59,calibration,id
6,84,11,6000052,2.0130852730228534,59,calibration,id
6,84,12,6000052,2.0130852730228534,59,calibration,id
6,84,13,6000052,2.0130852730228534,59,calibration,id
6,84,14,6000052,2.0130852730228534,59,calibration,id
6,84,15,6000052,2.0130852730228534,59,calibration,id
6,86,0,6000053,2.2295740502061743,107,calibration,id
6,86,1,6000053,2.2295740502061743,107,calibration,id
6,86,2,6000053,2.2295740502061743,107,calibration,id
6,86,3,6000053,2.2295740502061743,107,calibration,id
6,86,4,6000053,2.2295740502061743,107,calibration,id
6,86,5,6000053,2.2295740502061743,107,calibration,id
6,86,6,6000053,2.2295740502061743,107,calibration,id
6,86,7,6000053,2.2295740502061743,107,calibration,id
6,86,8,6000053,2.2295740502061743,107,calibration,id
6,86,9,6000053,2.2295740502061743,107,calibration,id
6,86,10,6000053,2.2295740502061743,107,calibration,id
6,86,11,6000053,2.2295740502061743,107,calibration,id
6,86,12,6000053,2.2295740502061743,107,calibration,id
6,86,13,6000053,2.2295740502061743,107,calibration,id
6,86,14,6000053,2.2295740502061743,107,calibration,id
6,86,15,6000053,2.2295740502061743,107,calibration,id
6,86,0,6000054,0.8883586756551721,14,calibration,id
6,86,1,6000054,0.8883586756551721,14,calibration,id
6,86,2,6000054,0.8883586756551721,14,calibration,id
6,86,3,6000054,0.8883586756551721,14,calibration,id
6,86,4,6000054,0.8883586756551721,14,calibration,id
6,86,5,6000054,0.8883586756551721,14,calibration,id
6,86,6,6000054,0.8883586756551721,14,calibration,id
6,86,7,6000054,0.8883586756551721,14,calibration,id
6,86,8,6000054,0.8883586756551721,14,calibration,id
6,86,9,6000054,0.8883586756551721,14,calibration,id
6,86,10,6000054,0.8883586756551721,14,calibration,id
6,86,11,6000054,0.8883586756551721,14,calibration,id
6,86,12,6000054,0.8883586756551721,14,calibration,id
6,86,13,6000054,0.8883586756551721,14,calibration,id
6,86,14,6000054,0.8883586756551721,14,calibration,id
6,86,15,6000054,0.8883586756551721,14,calibration,id
6,88,0,6000055,2.6817925689464146,106,calibration,id
6,88,1,6000055,2.6817925689464146,106,calibration,id
6,88,2,6000055,2.6817925689464146,106,calibration,id
6,88,3,6000055,2.6817925689464146,106,calibration,id
6,88,4,6000055,2.6817925689464146,106,calibration,id
6,88,5,6000055,2.6817925689464146,106,calibration,id
6,88,6,6000055,2.6817925689464146,106,calibration,id
6,88,7,6000055,2.6817925689464146,106,calibration,id
6,88,8,6000055,2.6817925689464146,106,calibration,id
6,88,9,6000055,2.6817925689464146,106,calibration,id
6,88,10,6000055,2.6817925689464146,106,calibration,id
6,88,11,6000055,2.6817925689464146,106,calibration,id
6,88,12,6000055,2.6817925689464146,106,calibration,id
6,88,13,6000055,2.6817925689464146,106,calibration,id
6,88,14,6000055,2.6817925689464146,106,calibration,id
6,88,15,6000055,2.6817925689464146,106,calibration,id
6,89,0,6000056,0.9353046999927425,24,calibration,id
6,89,1,6000056,0.9353046999927425,24,calibration,id
6,89,2,6000056,0.9353046999927425,24,calibration,id
6,89,3,6000056,0.9353046999927425,24,calibration,id
6,89,4,6000056,0.9353046999927425,24,calibration,id
6,89,5,6000056,0.9353046999927425,24,calibration,id
6,89,6,6000056,0.9353046999927425,24,calibration,id
6,89,7,6000056,0.9353046999927425,24,calibration,id
6,89,8,6000056,0.9353046999927425,24,calibration,id
6,89,9,6000056,0.9353046999927425,24,calibration,id
6,89,10,6000056,0.9353046999927425,24,calibration,id
6,89,11,6000056,0.9353046999927425,24,calibration,id
6,89,12,6000056,0.9353046999927425,24,calibration,id
6,89,13,6000056,0.9353046999927425,24,calibration,id
6,89,14,6000056,0.9353046999927425,24,calibration,id
6,89,15,6000056,0.9353046999927425,24,calibration,id
